Workbook

Sheet Tabellone
B2: LEGA ULTIMATE SCLERO VERGOGNA - BILIARDO - STAGIONE 1 (26/27) | M2: Legenda livello | R2: Storico coppie | Z2: CLASSIFICA ELO | AG2: CLASSIFICA LIVE - TOP 10 GIOCATORI | AM2: CLASSIFICA LIVE - TOP 10 COPPIE
B3: Giocatore | D3: Partite | E3: Vittorie | F3: % Vittoria | G3: Streak attiva | H3: Peggiore streak | I3: Migliore streak | J3: Punti Elo | K3: Perfect | M3: 1 - Senza mani | N3: Fatica a colpire la palla dritta, commette falli continui e segna solo per puro caso. | R3: Coppia | T3: Partite | U3: Vittorie | V3: % Vittorie | W3: Migliore streak | X3: Peggiore streak | Z3: Posizione | AA3: Giocatore | AB3: Elo Attuale | AC3: Partite | AD3: Vinte | AE3: Perse | AG3: Posizione | AH3: Giocatore | AI3: Vittorie | AJ3: % Vittorie | AK3: Indice di forza | AM3: Posizione | AN3: Coppia | AO3: Vittorie | AP3: % Vittorie | AQ3: Indice di forza
B4: Francia | D4: 30 | E4: 19 | F4: =IFERROR(ROUND(E4/D4, 3)*100 & "%", "N/A") -> 63,3% | G4: 2 | H4: -3 | I4: 7 | K4: 0 | R4: Francia + Matos | T4: 9 | U4: 7 | V4: =ROUND(U4/T4, 3)*100 & "%" -> 77,8% | W4: 7 | X4: -1 | Z4: 1 | AA4: {=Classifica!B2:B14} -> Francia | AB4: {=ROUND(Classifica!C2:C14,0)} -> 616 | AC4: {=Classifica!D2:F14} -> 30 | AD4: 19 | AE4: 11 | AG4: 1 | AH4: =IFERROR(__xludf.DUMMYFUNCTION("LET(g, FILTER(B4:B29, B4:B29<>""""), p, FILTER(D4:D29, B4:B29<>""""), v, FILTER(E4:E29, B4:B29<>""""), pct, FILTER(F4:F29, B4:B29<>""""), score, ARRAYFORMULA(v*(v/p)), ARRAY_CONSTRAIN(SORT(HSTACK(g, v, pct, ROUND(score, 2)), 4, FALSE, 2, FALSE), 10, 4))"),"Matos") -> Matos | AI4: =IFERROR(__xludf.DUMMYFUNCTION("""COMPUTED_VALUE"""),25.0) -> 25 | AJ4: =IFERROR(__xludf.DUMMYFUNCTION("""COMPUTED_VALUE"""),"55,6%") -> 55,6% | AK4: =IFERROR(__xludf.DUMMYFUNCTION("""COMPUTED_VALUE"""),13.89) -> 13.89 | AM4: 1 | AN4: =IFERROR(__xludf.DUMMYFUNCTION("LET(c, FILTER(R4:R50, R4:R50<>""""), p, FILTER(T4:T50, R4:R50<>""""), v, FILTER(U4:U50, R4:R50<>""""), pct, FILTER(V4:V50, R4:R50<>""""), score, ARRAYFORMULA(v*(v/p)), ARRAY_CONSTRAIN(SORT(HSTACK(c, v, pct, ROUND (score, 2)), 4, FALSE, 2, FALSE), 10, 4))"),"Francia + Matos") -> Francia + Matos | AO4: =IFERROR(__xludf.DUMMYFUNCTION("""COMPUTED_VALUE"""),7.0) -> 7 | AP4: =IFERROR(__xludf.DUMMYFUNCTION("""COMPUTED_VALUE"""),"77,8%") -> 77,8% | AQ4: =IFERROR(__xludf.DUMMYFUNCTION("""COMPUTED_VALUE"""),5.44) -> 5.44
M5: 2 - Base | N5: Imbuca tiri facili e diretti, ma ignora la forza del colpo e dove andrà a finire la bianca. | R5: Bonny + Gae | T5: 9 | U5: 2 | V5: =ROUND(U5/T5, 3)*100 & "%" -> 22,2% | W5: 1 | X5: -7 | Z5: 2 | AA5: Matos | AB5: 608 | AC5: 45 | AD5: 25 | AE5: 20 | AG5: 2 | AH5: =IFERROR(__xludf.DUMMYFUNCTION("""COMPUTED_VALUE"""),"Francia") -> Francia | AI5: =IFERROR(__xludf.DUMMYFUNCTION("""COMPUTED_VALUE"""),19.0) -> 19 | AJ5: =IFERROR(__xludf.DUMMYFUNCTION("""COMPUTED_VALUE"""),"63,3%") -> 63,3% | AK5: =IFERROR(__xludf.DUMMYFUNCTION("""COMPUTED_VALUE"""),12.03) -> 12.03 | AM5: 2 | AN5: =IFERROR(__xludf.DUMMYFUNCTION("""COMPUTED_VALUE"""),"Francia + Gae") -> Francia + Gae | AO5: =IFERROR(__xludf.DUMMYFUNCTION("""COMPUTED_VALUE"""),5.0) -> 5 | AP5: =IFERROR(__xludf.DUMMYFUNCTION("""COMPUTED_VALUE"""),"83,3%") -> 83,3% | AQ5: =IFERROR(__xludf.DUMMYFUNCTION("""COMPUTED_VALUE"""),4.17) -> 4.17
B6: Matos | D6: 45 | E6: 25 | F6: =IFERROR(ROUND(E6/D6, 3)*100 & "%" , "N/A") -> 55,6% | G6: -2 | H6: -3 | I6: 7 | K6: 0 | R6: Birra + Gae | T6: 7 | U6: 4 | V6: =ROUND(U6/T6, 3)*100 & "%" -> 57,1% | W6: 4 | X6: -3 | Z6: 3 | AA6: Vesco | AB6: 591 | AC6: 21 | AD6: 12 | AE6: 9 | AG6: 3 | AH6: =IFERROR(__xludf.DUMMYFUNCTION("""COMPUTED_VALUE"""),"Gae") -> Gae | AI6: =IFERROR(__xludf.DUMMYFUNCTION("""COMPUTED_VALUE"""),24.0) -> 24 | AJ6: =IFERROR(__xludf.DUMMYFUNCTION("""COMPUTED_VALUE"""),"50%") -> 50% | AK6: =IFERROR(__xludf.DUMMYFUNCTION("""COMPUTED_VALUE"""),12.0) -> 12 | AM6: 3 | AN6: =IFERROR(__xludf.DUMMYFUNCTION("""COMPUTED_VALUE"""),"Vesco + Matos") -> Vesco + Matos | AO6: =IFERROR(__xludf.DUMMYFUNCTION("""COMPUTED_VALUE"""),5.0) -> 5 | AP6: =IFERROR(__xludf.DUMMYFUNCTION("""COMPUTED_VALUE"""),"83,3%") -> 83,3% | AQ6: =IFERROR(__xludf.DUMMYFUNCTION("""COMPUTED_VALUE"""),4.17) -> 4.17
M7: 3 - Intermedio | N7: Buona mira di base, fa scelte strategiche e comincia a posizionarsi per il tiro successivo. | R7: Ricky + Col | T7: 7 | U7: 4 | V7: =ROUND(U7/T7, 3)*100 & "%" -> 57,1% | W7: 2 | X7: -2 | Z7: 4 | AA7: Paolo | AB7: 582 | AC7: 45 | AD7: 22 | AE7: 23 | AG7: 4 | AH7: =IFERROR(__xludf.DUMMYFUNCTION("""COMPUTED_VALUE"""),"Paolo") -> Paolo | AI7: =IFERROR(__xludf.DUMMYFUNCTION("""COMPUTED_VALUE"""),19.0) -> 19 | AJ7: =IFERROR(__xludf.DUMMYFUNCTION("""COMPUTED_VALUE"""),"47,5%") -> 47,5% | AK7: =IFERROR(__xludf.DUMMYFUNCTION("""COMPUTED_VALUE"""),9.03) -> 9.03 | AM7: 4 | AN7: =IFERROR(__xludf.DUMMYFUNCTION("""COMPUTED_VALUE"""),"Gae + Filli") -> Gae + Filli | AO7: =IFERROR(__xludf.DUMMYFUNCTION("""COMPUTED_VALUE"""),5.0) -> 5 | AP7: =IFERROR(__xludf.DUMMYFUNCTION("""COMPUTED_VALUE"""),"62,5%") -> 62,5% | AQ7: =IFERROR(__xludf.DUMMYFUNCTION("""COMPUTED_VALUE"""),3.13) -> 3.13
B8: Gae | D8: 48 | E8: 24 | F8: =IFERROR(ROUND(E8/D8, 3)*100 & "%" , "N/A") -> 50% | G8: 2 | H8: -7 | I8: 9 | K8: 0 | R8: Matos + Filli | T8: 7 | U8: 3 | V8: =ROUND(U8/T8, 3)*100 & "%" -> 42,9% | W8: 2 | X8: -3 | Z8: 5 | AA8: Birra | AB8: 563 | AC8: 7 | AD8: 4 | AE8: 3 | AG8: 5 | AH8: =IFERROR(__xludf.DUMMYFUNCTION("""COMPUTED_VALUE"""),"Filli") -> Filli | AI8: =IFERROR(__xludf.DUMMYFUNCTION("""COMPUTED_VALUE"""),15.0) -> 15 | AJ8: =IFERROR(__xludf.DUMMYFUNCTION("""COMPUTED_VALUE"""),"53,6%") -> 53,6% | AK8: =IFERROR(__xludf.DUMMYFUNCTION("""COMPUTED_VALUE"""),8.04) -> 8.04 | AM8: 5 | AN8: =IFERROR(__xludf.DUMMYFUNCTION("""COMPUTED_VALUE"""),"Birra + Gae") -> Birra + Gae | AO8: =IFERROR(__xludf.DUMMYFUNCTION("""COMPUTED_VALUE"""),4.0) -> 4 | AP8: =IFERROR(__xludf.DUMMYFUNCTION("""COMPUTED_VALUE"""),"57,1%") -> 57,1% | AQ8: =IFERROR(__xludf.DUMMYFUNCTION("""COMPUTED_VALUE"""),2.29) -> 2.29
M9: 4 - Avanzato | N9: Capace di usare le sponde, gioca di tattica e pianifica la serie con 2-3 tiri d'anticipo. | R9: Paolo + Francia | T9: 7 | U9: 3 | V9: =ROUND(U9/T9, 3)*100 & "%" -> 42,9% | W9: 2 | X9: -3 | Z9: 6 | AA9: Gae | AB9: 534 | AC9: 50 | AD9: 24 | AE9: 26 | AG9: 6 | AH9: =IFERROR(__xludf.DUMMYFUNCTION("""COMPUTED_VALUE"""),"Vesco") -> Vesco | AI9: =IFERROR(__xludf.DUMMYFUNCTION("""COMPUTED_VALUE"""),12.0) -> 12 | AJ9: =IFERROR(__xludf.DUMMYFUNCTION("""COMPUTED_VALUE"""),"57,1%") -> 57,1% | AK9: =IFERROR(__xludf.DUMMYFUNCTION("""COMPUTED_VALUE"""),6.86) -> 6.86 | AM9: 6 | AN9: =IFERROR(__xludf.DUMMYFUNCTION("""COMPUTED_VALUE"""),"Ricky + Col") -> Ricky + Col | AO9: =IFERROR(__xludf.DUMMYFUNCTION("""COMPUTED_VALUE"""),4.0) -> 4 | AP9: =IFERROR(__xludf.DUMMYFUNCTION("""COMPUTED_VALUE"""),"57,1%") -> 57,1% | AQ9: =IFERROR(__xludf.DUMMYFUNCTION("""COMPUTED_VALUE"""),2.29) -> 2.29
B10: Bonny | D10: 41 | E10: 15 | F10: =IFERROR(ROUND(E10/D10, 3)*100 & "%" , "N/A") -> 36,6% | G10: -2 | H10: -7 | I10: 3 | K10: 0 | R10: Francia + Gae | T10: 6 | U10: 5 | V10: =ROUND(U10/T10, 3)*100 & "%" -> 83,3% | W10: 5 | X10: -1 | Z10: 7 | AA10: Filli | AB10: 528 | AC10: 29 | AD10: 16 | AE10: 13 | AG10: 7 | AH10: =IFERROR(__xludf.DUMMYFUNCTION("""COMPUTED_VALUE"""),"Bonny") -> Bonny | AI10: =IFERROR(__xludf.DUMMYFUNCTION("""COMPUTED_VALUE"""),15.0) -> 15 | AJ10: =IFERROR(__xludf.DUMMYFUNCTION("""COMPUTED_VALUE"""),"36,6%") -> 36,6% | AK10: =IFERROR(__xludf.DUMMYFUNCTION("""COMPUTED_VALUE"""),5.49) -> 5.49 | AM10: 7 | AN10: =IFERROR(__xludf.DUMMYFUNCTION("""COMPUTED_VALUE"""),"Matos + Gae") -> Matos + Gae | AO10: =IFERROR(__xludf.DUMMYFUNCTION("""COMPUTED_VALUE"""),4.0) -> 4 | AP10: =IFERROR(__xludf.DUMMYFUNCTION("""COMPUTED_VALUE"""),"57,1%") -> 57,1% | AQ10: =IFERROR(__xludf.DUMMYFUNCTION("""COMPUTED_VALUE"""),2.29) -> 2.29
M11: 5 - Fuoriclasse | N11: Controllo millimetrico dello spin e delle traiettorie complesse; può ripulire il tavolo in un unico turno. | R11: Vesco + Picci | T11: 6 | U11: 3 | V11: =ROUND(U11/T11, 3)*100 & "%" -> 50% | W11: 2 | X11: -1 | Z11: 8 | AA11: Col | AB11: 525 | AC11: 7 | AD11: 4 | AE11: 3 | AG11: 8 | AH11: =IFERROR(__xludf.DUMMYFUNCTION("""COMPUTED_VALUE"""),"Ricky") -> Ricky | AI11: =IFERROR(__xludf.DUMMYFUNCTION("""COMPUTED_VALUE"""),11.0) -> 11 | AJ11: =IFERROR(__xludf.DUMMYFUNCTION("""COMPUTED_VALUE"""),"45,8%") -> 45,8% | AK11: =IFERROR(__xludf.DUMMYFUNCTION("""COMPUTED_VALUE"""),5.04) -> 5.04 | AM11: 8 | AN11: =IFERROR(__xludf.DUMMYFUNCTION("""COMPUTED_VALUE"""),"Gae + Paolo") -> Gae + Paolo | AO11: =IFERROR(__xludf.DUMMYFUNCTION("""COMPUTED_VALUE"""),3.0) -> 3 | AP11: =IFERROR(__xludf.DUMMYFUNCTION("""COMPUTED_VALUE"""),"60%") -> 60% | AQ11: =IFERROR(__xludf.DUMMYFUNCTION("""COMPUTED_VALUE"""),1.8) -> 1.8
B12: Ricky | D12: 24 | E12: 11 | F12: =IFERROR(ROUND(E12/D12, 3)*100 & "%", "N/A") -> 45,8% | G12: -2 | H12: -3 | I12: 2 | K12: 0 | R12: Matos + Paolo | T12: 6 | U12: 2 | V12: =ROUND(U12/T12, 3)*100 & "%" -> 33,3% | W12: 1 | X12: -3 | Z12: 9 | AA12: Picci | AB12: 504 | AC12: 6 | AD12: 3 | AE12: 3 | AG12: 9 | AH12: =IFERROR(__xludf.DUMMYFUNCTION("""COMPUTED_VALUE"""),"Birra") -> Birra | AI12: =IFERROR(__xludf.DUMMYFUNCTION("""COMPUTED_VALUE"""),4.0) -> 4 | AJ12: =IFERROR(__xludf.DUMMYFUNCTION("""COMPUTED_VALUE"""),"57,1%") -> 57,1% | AK12: =IFERROR(__xludf.DUMMYFUNCTION("""COMPUTED_VALUE"""),2.29) -> 2.29 | AM12: 9 | AN12: =IFERROR(__xludf.DUMMYFUNCTION("""COMPUTED_VALUE"""),"Vesco + Picci") -> Vesco + Picci | AO12: =IFERROR(__xludf.DUMMYFUNCTION("""COMPUTED_VALUE"""),3.0) -> 3 | AP12: =IFERROR(__xludf.DUMMYFUNCTION("""COMPUTED_VALUE"""),"50%") -> 50% | AQ12: =IFERROR(__xludf.DUMMYFUNCTION("""COMPUTED_VALUE"""),1.5) -> 1.5
R13: Bonny + Feli | T13: 6 | U13: 2 | V13: =ROUND(U13/T13, 3)*100 & "%" -> 33,3% | W13: 1 | X13: -4 | Z13: 10 | AA13: Riki | AB13: 484 | AC13: 24 | AD13: 11 | AE13: 13 | AG13: 10 | AH13: =IFERROR(__xludf.DUMMYFUNCTION("""COMPUTED_VALUE"""),"Col") -> Col | AI13: =IFERROR(__xludf.DUMMYFUNCTION("""COMPUTED_VALUE"""),4.0) -> 4 | AJ13: =IFERROR(__xludf.DUMMYFUNCTION("""COMPUTED_VALUE"""),"57,1%") -> 57,1% | AK13: =IFERROR(__xludf.DUMMYFUNCTION("""COMPUTED_VALUE"""),2.29) -> 2.29 | AM13: 10 | AN13: =IFERROR(__xludf.DUMMYFUNCTION("""COMPUTED_VALUE"""),"Filli + Paolo") -> Filli + Paolo | AO13: =IFERROR(__xludf.DUMMYFUNCTION("""COMPUTED_VALUE"""),3.0) -> 3 | AP13: =IFERROR(__xludf.DUMMYFUNCTION("""COMPUTED_VALUE"""),"50%") -> 50% | AQ13: =IFERROR(__xludf.DUMMYFUNCTION("""COMPUTED_VALUE"""),1.5) -> 1.5
B14: Paolo | D14: 40 | E14: 19 | F14: =IFERROR(ROUND(E14/D14, 3)*100 & "%" , "N/A") -> 47,5% | G14: 3 | H14: -6 | I14: 3 | K14: 0 | M14: Legenda stili di gioco | R14: Matos + Gae | T14: 7 | U14: 4 | V14: =ROUND(U14/T14, 3)*100 & "%" -> 57,1% | W14: 2 | X14: -1 | Z14: 11 | AA14: Vezzo | AB14: 482 | AC14: 8 | AD14: 3 | AE14: 5
M15: Spara e spera | N15: Tira a tutta forza senza pensare alla posizione, sperando che qualcosa finisca in buca. | R15: Filli + Paolo | T15: 6 | U15: 3 | V15: =ROUND(U15/T15, 3)*100 & "%" -> 50% | W15: 2 | X15: -1 | Z15: 12 | AA15: Feli | AB15: 459 | AC15: 5 | AD15: 1 | AE15: 4
B16: Birra | D16: 7 | E16: 4 | F16: =IFERROR(ROUND(E16/D16, 3)*100 & "%", "N/A") -> 57,1% | G16: 4 | H16: -3 | I16: 4 | K16: 0 | R16: Vesco + Bonny | T16: 6 | U16: 2 | V16: =ROUND(U16/T16, 3)*100 & "%" -> 33,3% | W16: 1 | X16: -3 | Z16: 13 | AA16: Bonny | AB16: 455 | AC16: 39 | AD16: 14 | AE16: 25
M17: Strategico | N17: Studia ogni angolo con calma, pianifica la serie e preferisce la precisione alla potenza. | R17: Gae + Filli | T17: 8 | U17: 5 | V17: =ROUND(U17/T17, 3)*100 & "%" -> 62,5% | W17: 3 | X17: -1
B18: Col | D18: 7 | E18: 4 | F18: =IFERROR(ROUND(E18/D18, 3)*100 & "%", "N/A") -> 57,1% | G18: -1 | H18: -2 | I18: 2 | K18: 0 | R18: Paolo + Ricky | T18: 5 | U18: 2 | V18: =ROUND(U18/T18, 3)*100 & "%" -> 40% | W18: 2 | X18: -2
M19: Aggressivo | N19: Attacca sempre e cerca l'imbucata a ogni costo, anche su tiri quasi impossibili. | R19: Matos + Bonny | T19: 5 | U19: 2 | V19: =ROUND(U19/T19, 3)*100 & "%" -> 40% | W19: 1 | X19: -2
B20: Filli | D20: 28 | E20: 15 | F20: =IFERROR(ROUND(E20/D20, 3)*100 & "%" , "N/A") -> 53,6% | G20: 2 | H20: -3 | I20: 3 | K20: 0 | R20: Ricky + Vesco + Bonny | T20: 3 | U20: 2 | V20: =ROUND(U20/T20, 3)*100 & "%" -> 66,7% | W20: 2 | X20: -1
M21: Difensivo | N21: Se non ha un tiro facile, preferisce nascondere la bianca e bloccare il gioco dell'avversario. | R21: Francia + Vezzo | T21: 2 | U21: 1 | V21: =ROUND(U21/T21, 3)*100 & "%" -> 50% | W21: 1 | X21: -1
B22: Feli | D22: 5 | E22: 1 | F22: =IFERROR(ROUND(E22/D22, 3)*100 & "%" , "N/A") -> 20% | G22: -4 | H22: -4 | I22: 1 | K22: 0 | R22: Gae + Paolo | T22: 5 | U22: 3 | V22: =ROUND(U22/T22, 3)*100 & "%" -> 60% | W22: 2 | X22: -1
M23: Fine | N23: Cerca tiri difficili a più sponde, combinazioni o effetti scenografici per il gusto della giocata. | R23: Vesco + Matos | T23: 6 | U23: 5 | V23: =ROUND(U23/T23, 3)*100 & "%" -> 83,3% | W23: 4 | X23: -1
B24: Vesco | D24: 21 | E24: 12 | F24: =IFERROR(ROUND(E24/D24, 3)*100 & "%" , "N/A") -> 57,1% | G24: 1 | H24: -3 | I24: 4 | K24: 0 | R24: Paolo + Bonny | T24: 6 | U24: 3 | V24: =ROUND(U24/T24, 3)*100 & "%" -> 50% | W24: 2 | X24: -1
M25: Istintivo | N25: Tira in pochi secondi senza pensarci troppo, affidandosi puramente al colpo d'occhio. | R25: Filli + Francia | T25: 6 | U25: 3 | V25: =ROUND(U25/T25, 3)*100 & "%" -> 50% | W25: 2 | X25: -3
B26: Picci | D26: 6 | E26: 3 | F26: =IFERROR(ROUND(E26/D26, 3)*100 & "%" , "N/A") -> 50% | G26: -1 | H26: -1 | I26: 2 | K26: 0 | R26: Gae + Ricky | T26: 4 | U26: 1 | V26: =ROUND(U26/T26, 3)*100 & "%" -> 25% | W26: 1 | X26: -3
M27: Minimalista | N27: Gioca solo tiri semplici e sicuri a bassa percentuale di rischio, non tenta colpi complessi. | R27: Matos + Ricky | T27: 5 | U27: 2 | V27: =ROUND(U27/T27, 3)*100 & "%" -> 40% | W27: 1 | X27: -2
B28: Vezzo | D28: 8 | E28: 3 | F28: =IFERROR(ROUND(E28/D28, 3)*100 & "%" , "N/A") -> 37,5% | G28: -2 | H28: -2 | I28: 2 | K28: 0 | R28: Bonny + Vezzo | T28: 6 | U28: 2 | V28: =ROUND(U28/T28, 3)*100 & "%" -> 33,3% | W28: 1 | X28: -2
M29: Sculato | N29: Autoesplicativo.

Sheet Partite
B1: A | C1: B | D1: C | E1: D | F1: Vincitore | G1: Elo A | H1: Elo B | I1: Elo C | J1: Elo D | K1: Elo Team 1 | L1: Elo Team 2 | M1: Prob T1 | N1: Var. Base | O1: Nuovo Elo A | P1: Nuovo Elo B | Q1: Nuovo Elo C | R1: Nuovo Elo D
A2: =IF(B2="","", ROW()-1) -> 1 | B2: Bonny | C2: Gae | D2: Francia | E2: Matos | F2: 1 | G2: =IFERROR(__xludf.DUMMYFUNCTION("IF(B2="""","""",ROUND(XLOOKUP(B2, FLATTEN(B$1:E1), FLATTEN(O$1:R1), 500, 0, -1)))"),500.0) -> 500 | H2: =IFERROR(__xludf.DUMMYFUNCTION("IF(C2="""","""",ROUND(XLOOKUP(C2, FLATTEN(B$1:E1), FLATTEN(O$1:R1), 500, 0, -1)))"),500.0) -> 500 | I2: =IFERROR(__xludf.DUMMYFUNCTION("IF(D2="""","""",ROUND(XLOOKUP(D2, FLATTEN(B$1:E1), FLATTEN(O$1:R1), 500, 0, -1)))"),500.0) -> 500 | J2: =IFERROR(__xludf.DUMMYFUNCTION("IF(E2="""","""",ROUND(XLOOKUP(E2, FLATTEN(B$1:E1), FLATTEN(O$1:R1), 500, 0, -1)))"),500.0) -> 500 | K2: =IF(B2="","",ROUND((G2+H2)/2 - ((MAX(G2,H2)-MIN(G2,H2))^2)/1200,0)) -> 500 | L2: =IF(D2="","",ROUND((I2+J2)/2 - ((MAX(I2,J2)-MIN(I2,J2))^2)/1200,0)) -> 500 | M2: =IF(F2="","",ROUND(1 / (1 + 10^((L2-K2)/400)), 2)) -> 0.5 | N2: =IF(F2="","",ROUND(40 * (IF(F2=1, 1, 0) - M2),0)) -> 20 | O2: =IF(F2="","",ROUND(G2 + N2 + IF(F2=1, 3, 0),0)) -> 523 | P2: =IF(F2="","",ROUND(H2 + N2 + IF(F2=1, 3, 0),0)) -> 523 | Q2: =IF(F2="","",ROUND(I2 - N2 + IF(F2=2, 3, 0),0)) -> 480 | R2: =IF(F2="","",ROUND(J2 - N2 + IF(F2=2, 3, 0),0)) -> 480
A3: =IF(B3="","", ROW()-1) -> 2 | B3: Francia | C3: Matos | D3: Bonny | E3: Gae | F3: 1 | G3: =IFERROR(__xludf.DUMMYFUNCTION("IF(B3="""","""",ROUND(XLOOKUP(B3, FLATTEN(B$1:E2), FLATTEN(O$1:R2), 500, 0, -1)))"),480.0) -> 480 | H3: =IFERROR(__xludf.DUMMYFUNCTION("IF(C3="""","""",ROUND(XLOOKUP(C3, FLATTEN(B$1:E2), FLATTEN(O$1:R2), 500, 0, -1)))"),480.0) -> 480 | I3: =IFERROR(__xludf.DUMMYFUNCTION("IF(D3="""","""",ROUND(XLOOKUP(D3, FLATTEN(B$1:E2), FLATTEN(O$1:R2), 500, 0, -1)))"),523.0) -> 523 | J3: =IFERROR(__xludf.DUMMYFUNCTION("IF(E3="""","""",ROUND(XLOOKUP(E3, FLATTEN(B$1:E2), FLATTEN(O$1:R2), 500, 0, -1)))"),523.0) -> 523 | K3: =IF(B3="","",ROUND((G3+H3)/2 - ((MAX(G3,H3)-MIN(G3,H3))^2)/1200,0)) -> 480 | L3: =IF(D3="","",ROUND((I3+J3)/2 - ((MAX(I3,J3)-MIN(I3,J3))^2)/1200,0)) -> 523 | M3: =IF(F3="","",ROUND(1 / (1 + 10^((L3-K3)/400)), 2)) -> 0.44 | N3: =IF(F3="","",ROUND(40 * (IF(F3=1, 1, 0) - M3),0)) -> 22 | O3: =IF(F3="","",ROUND(G3 + N3 + IF(F3=1, 3, 0),0)) -> 505 | P3: =IF(F3="","",ROUND(H3 + N3 + IF(F3=1, 3, 0),0)) -> 505 | Q3: =IF(F3="","",ROUND(I3 - N3 + IF(F3=2, 3, 0),0)) -> 501 | R3: =IF(F3="","",ROUND(J3 - N3 + IF(F3=2, 3, 0),0)) -> 501
A4: =IF(B4="","", ROW()-1) -> 3 | B4: Francia | C4: Matos | D4: Bonny | E4: Gae | F4: 1 | G4: =IFERROR(__xludf.DUMMYFUNCTION("IF(B4="""","""",ROUND(XLOOKUP(B4, FLATTEN(B$1:E3), FLATTEN(O$1:R3), 500, 0, -1)))"),505.0) -> 505 | H4: =IFERROR(__xludf.DUMMYFUNCTION("IF(C4="""","""",ROUND(XLOOKUP(C4, FLATTEN(B$1:E3), FLATTEN(O$1:R3), 500, 0, -1)))"),505.0) -> 505 | I4: =IFERROR(__xludf.DUMMYFUNCTION("IF(D4="""","""",ROUND(XLOOKUP(D4, FLATTEN(B$1:E3), FLATTEN(O$1:R3), 500, 0, -1)))"),501.0) -> 501 | J4: =IFERROR(__xludf.DUMMYFUNCTION("IF(E4="""","""",ROUND(XLOOKUP(E4, FLATTEN(B$1:E3), FLATTEN(O$1:R3), 500, 0, -1)))"),501.0) -> 501 | K4: =IF(B4="","",ROUND((G4+H4)/2 - ((MAX(G4,H4)-MIN(G4,H4))^2)/1200,0)) -> 505 | L4: =IF(D4="","",ROUND((I4+J4)/2 - ((MAX(I4,J4)-MIN(I4,J4))^2)/1200,0)) -> 501 | M4: =IF(F4="","",ROUND(1 / (1 + 10^((L4-K4)/400)), 2)) -> 0.51 | N4: =IF(F4="","",ROUND(40 * (IF(F4=1, 1, 0) - M4),0)) -> 20 | O4: =IF(F4="","",ROUND(G4 + N4 + IF(F4=1, 3, 0),0)) -> 528 | P4: =IF(F4="","",ROUND(H4 + N4 + IF(F4=1, 3, 0),0)) -> 528 | Q4: =IF(F4="","",ROUND(I4 - N4 + IF(F4=2, 3, 0),0)) -> 481 | R4: =IF(F4="","",ROUND(J4 - N4 + IF(F4=2, 3, 0),0)) -> 481
A5: =IF(B5="","", ROW()-1) -> 4 | B5: Francia | C5: Matos | D5: Bonny | E5: Gae | F5: 1 | G5: =IFERROR(__xludf.DUMMYFUNCTION("IF(B5="""","""",ROUND(XLOOKUP(B5, FLATTEN(B$1:E4), FLATTEN(O$1:R4), 500, 0, -1)))"),528.0) -> 528 | H5: =IFERROR(__xludf.DUMMYFUNCTION("IF(C5="""","""",ROUND(XLOOKUP(C5, FLATTEN(B$1:E4), FLATTEN(O$1:R4), 500, 0, -1)))"),528.0) -> 528 | I5: =IFERROR(__xludf.DUMMYFUNCTION("IF(D5="""","""",ROUND(XLOOKUP(D5, FLATTEN(B$1:E4), FLATTEN(O$1:R4), 500, 0, -1)))"),481.0) -> 481 | J5: =IFERROR(__xludf.DUMMYFUNCTION("IF(E5="""","""",ROUND(XLOOKUP(E5, FLATTEN(B$1:E4), FLATTEN(O$1:R4), 500, 0, -1)))"),481.0) -> 481 | K5: =IF(B5="","",ROUND((G5+H5)/2 - ((MAX(G5,H5)-MIN(G5,H5))^2)/1200,0)) -> 528 | L5: =IF(D5="","",ROUND((I5+J5)/2 - ((MAX(I5,J5)-MIN(I5,J5))^2)/1200,0)) -> 481 | M5: =IF(F5="","",ROUND(1 / (1 + 10^((L5-K5)/400)), 2)) -> 0.57 | N5: =IF(F5="","",ROUND(40 * (IF(F5=1, 1, 0) - M5),0)) -> 17 | O5: =IF(F5="","",ROUND(G5 + N5 + IF(F5=1, 3, 0),0)) -> 548 | P5: =IF(F5="","",ROUND(H5 + N5 + IF(F5=1, 3, 0),0)) -> 548 | Q5: =IF(F5="","",ROUND(I5 - N5 + IF(F5=2, 3, 0),0)) -> 464 | R5: =IF(F5="","",ROUND(J5 - N5 + IF(F5=2, 3, 0),0)) -> 464
A6: =IF(B6="","", ROW()-1) -> 5 | B6: Francia | C6: Matos | D6: Bonny | E6: Gae | F6: 1 | G6: =IFERROR(__xludf.DUMMYFUNCTION("IF(B6="""","""",ROUND(XLOOKUP(B6, FLATTEN(B$1:E5), FLATTEN(O$1:R5), 500, 0, -1)))"),548.0) -> 548 | H6: =IFERROR(__xludf.DUMMYFUNCTION("IF(C6="""","""",ROUND(XLOOKUP(C6, FLATTEN(B$1:E5), FLATTEN(O$1:R5), 500, 0, -1)))"),548.0) -> 548 | I6: =IFERROR(__xludf.DUMMYFUNCTION("IF(D6="""","""",ROUND(XLOOKUP(D6, FLATTEN(B$1:E5), FLATTEN(O$1:R5), 500, 0, -1)))"),464.0) -> 464 | J6: =IFERROR(__xludf.DUMMYFUNCTION("IF(E6="""","""",ROUND(XLOOKUP(E6, FLATTEN(B$1:E5), FLATTEN(O$1:R5), 500, 0, -1)))"),464.0) -> 464 | K6: =IF(B6="","",ROUND((G6+H6)/2 - ((MAX(G6,H6)-MIN(G6,H6))^2)/1200,0)) -> 548 | L6: =IF(D6="","",ROUND((I6+J6)/2 - ((MAX(I6,J6)-MIN(I6,J6))^2)/1200,0)) -> 464 | M6: =IF(F6="","",ROUND(1 / (1 + 10^((L6-K6)/400)), 2)) -> 0.62 | N6: =IF(F6="","",ROUND(40 * (IF(F6=1, 1, 0) - M6),0)) -> 15 | O6: =IF(F6="","",ROUND(G6 + N6 + IF(F6=1, 3, 0),0)) -> 566 | P6: =IF(F6="","",ROUND(H6 + N6 + IF(F6=1, 3, 0),0)) -> 566 | Q6: =IF(F6="","",ROUND(I6 - N6 + IF(F6=2, 3, 0),0)) -> 449 | R6: =IF(F6="","",ROUND(J6 - N6 + IF(F6=2, 3, 0),0)) -> 449
A7: =IF(B7="","", ROW()-1) -> 6 | B7: Francia | C7: Matos | D7: Bonny | E7: Gae | F7: 1 | G7: =IFERROR(__xludf.DUMMYFUNCTION("IF(B7="""","""",ROUND(XLOOKUP(B7, FLATTEN(B$1:E6), FLATTEN(O$1:R6), 500, 0, -1)))"),566.0) -> 566 | H7: =IFERROR(__xludf.DUMMYFUNCTION("IF(C7="""","""",ROUND(XLOOKUP(C7, FLATTEN(B$1:E6), FLATTEN(O$1:R6), 500, 0, -1)))"),566.0) -> 566 | I7: =IFERROR(__xludf.DUMMYFUNCTION("IF(D7="""","""",ROUND(XLOOKUP(D7, FLATTEN(B$1:E6), FLATTEN(O$1:R6), 500, 0, -1)))"),449.0) -> 449 | J7: =IFERROR(__xludf.DUMMYFUNCTION("IF(E7="""","""",ROUND(XLOOKUP(E7, FLATTEN(B$1:E6), FLATTEN(O$1:R6), 500, 0, -1)))"),449.0) -> 449 | K7: =IF(B7="","",ROUND((G7+H7)/2 - ((MAX(G7,H7)-MIN(G7,H7))^2)/1200,0)) -> 566 | L7: =IF(D7="","",ROUND((I7+J7)/2 - ((MAX(I7,J7)-MIN(I7,J7))^2)/1200,0)) -> 449 | M7: =IF(F7="","",ROUND(1 / (1 + 10^((L7-K7)/400)), 2)) -> 0.66 | N7: =IF(F7="","",ROUND(40 * (IF(F7=1, 1, 0) - M7),0)) -> 14 | O7: =IF(F7="","",ROUND(G7 + N7 + IF(F7=1, 3, 0),0)) -> 583 | P7: =IF(F7="","",ROUND(H7 + N7 + IF(F7=1, 3, 0),0)) -> 583 | Q7: =IF(F7="","",ROUND(I7 - N7 + IF(F7=2, 3, 0),0)) -> 435 | R7: =IF(F7="","",ROUND(J7 - N7 + IF(F7=2, 3, 0),0)) -> 435
A8: =IF(B8="","", ROW()-1) -> 7 | B8: Francia | C8: Matos | D8: Bonny | E8: Gae | F8: 1 | G8: =IFERROR(__xludf.DUMMYFUNCTION("IF(B8="""","""",ROUND(XLOOKUP(B8, FLATTEN(B$1:E7), FLATTEN(O$1:R7), 500, 0, -1)))"),583.0) -> 583 | H8: =IFERROR(__xludf.DUMMYFUNCTION("IF(C8="""","""",ROUND(XLOOKUP(C8, FLATTEN(B$1:E7), FLATTEN(O$1:R7), 500, 0, -1)))"),583.0) -> 583 | I8: =IFERROR(__xludf.DUMMYFUNCTION("IF(D8="""","""",ROUND(XLOOKUP(D8, FLATTEN(B$1:E7), FLATTEN(O$1:R7), 500, 0, -1)))"),435.0) -> 435 | J8: =IFERROR(__xludf.DUMMYFUNCTION("IF(E8="""","""",ROUND(XLOOKUP(E8, FLATTEN(B$1:E7), FLATTEN(O$1:R7), 500, 0, -1)))"),435.0) -> 435 | K8: =IF(B8="","",ROUND((G8+H8)/2 - ((MAX(G8,H8)-MIN(G8,H8))^2)/1200,0)) -> 583 | L8: =IF(D8="","",ROUND((I8+J8)/2 - ((MAX(I8,J8)-MIN(I8,J8))^2)/1200,0)) -> 435 | M8: =IF(F8="","",ROUND(1 / (1 + 10^((L8-K8)/400)), 2)) -> 0.7 | N8: =IF(F8="","",ROUND(40 * (IF(F8=1, 1, 0) - M8),0)) -> 12 | O8: =IF(F8="","",ROUND(G8 + N8 + IF(F8=1, 3, 0),0)) -> 598 | P8: =IF(F8="","",ROUND(H8 + N8 + IF(F8=1, 3, 0),0)) -> 598 | Q8: =IF(F8="","",ROUND(I8 - N8 + IF(F8=2, 3, 0),0)) -> 423 | R8: =IF(F8="","",ROUND(J8 - N8 + IF(F8=2, 3, 0),0)) -> 423
A9: =IF(B9="","", ROW()-1) -> 8 | B9: Francia | C9: Matos | D9: Bonny | E9: Gae | F9: 1 | G9: =IFERROR(__xludf.DUMMYFUNCTION("IF(B9="""","""",ROUND(XLOOKUP(B9, FLATTEN(B$1:E8), FLATTEN(O$1:R8), 500, 0, -1)))"),598.0) -> 598 | H9: =IFERROR(__xludf.DUMMYFUNCTION("IF(C9="""","""",ROUND(XLOOKUP(C9, FLATTEN(B$1:E8), FLATTEN(O$1:R8), 500, 0, -1)))"),598.0) -> 598 | I9: =IFERROR(__xludf.DUMMYFUNCTION("IF(D9="""","""",ROUND(XLOOKUP(D9, FLATTEN(B$1:E8), FLATTEN(O$1:R8), 500, 0, -1)))"),423.0) -> 423 | J9: =IFERROR(__xludf.DUMMYFUNCTION("IF(E9="""","""",ROUND(XLOOKUP(E9, FLATTEN(B$1:E8), FLATTEN(O$1:R8), 500, 0, -1)))"),423.0) -> 423 | K9: =IF(B9="","",ROUND((G9+H9)/2 - ((MAX(G9,H9)-MIN(G9,H9))^2)/1200,0)) -> 598 | L9: =IF(D9="","",ROUND((I9+J9)/2 - ((MAX(I9,J9)-MIN(I9,J9))^2)/1200,0)) -> 423 | M9: =IF(F9="","",ROUND(1 / (1 + 10^((L9-K9)/400)), 2)) -> 0.73 | N9: =IF(F9="","",ROUND(40 * (IF(F9=1, 1, 0) - M9),0)) -> 11 | O9: =IF(F9="","",ROUND(G9 + N9 + IF(F9=1, 3, 0),0)) -> 612 | P9: =IF(F9="","",ROUND(H9 + N9 + IF(F9=1, 3, 0),0)) -> 612 | Q9: =IF(F9="","",ROUND(I9 - N9 + IF(F9=2, 3, 0),0)) -> 412 | R9: =IF(F9="","",ROUND(J9 - N9 + IF(F9=2, 3, 0),0)) -> 412
A10: =IF(B10="","", ROW()-1) -> 9 | B10: Bonny | C10: Gae | D10: Francia | E10: Matos | F10: 1 | G10: =IFERROR(__xludf.DUMMYFUNCTION("IF(B10="""","""",ROUND(XLOOKUP(B10, FLATTEN(B$1:E9), FLATTEN(O$1:R9), 500, 0, -1)))"),412.0) -> 412 | H10: =IFERROR(__xludf.DUMMYFUNCTION("IF(C10="""","""",ROUND(XLOOKUP(C10, FLATTEN(B$1:E9), FLATTEN(O$1:R9), 500, 0, -1)))"),412.0) -> 412 | I10: =IFERROR(__xludf.DUMMYFUNCTION("IF(D10="""","""",ROUND(XLOOKUP(D10, FLATTEN(B$1:E9), FLATTEN(O$1:R9), 500, 0, -1)))"),612.0) -> 612 | J10: =IFERROR(__xludf.DUMMYFUNCTION("IF(E10="""","""",ROUND(XLOOKUP(E10, FLATTEN(B$1:E9), FLATTEN(O$1:R9), 500, 0, -1)))"),612.0) -> 612 | K10: =IF(B10="","",ROUND((G10+H10)/2 - ((MAX(G10,H10)-MIN(G10,H10))^2)/1200,0)) -> 412 | L10: =IF(D10="","",ROUND((I10+J10)/2 - ((MAX(I10,J10)-MIN(I10,J10))^2)/1200,0)) -> 612 | M10: =IF(F10="","",ROUND(1 / (1 + 10^((L10-K10)/400)), 2)) -> 0.24 | N10: =IF(F10="","",ROUND(40 * (IF(F10=1, 1, 0) - M10),0)) -> 30 | O10: =IF(F10="","",ROUND(G10 + N10 + IF(F10=1, 3, 0),0)) -> 445 | P10: =IF(F10="","",ROUND(H10 + N10 + IF(F10=1, 3, 0),0)) -> 445 | Q10: =IF(F10="","",ROUND(I10 - N10 + IF(F10=2, 3, 0),0)) -> 582 | R10: =IF(F10="","",ROUND(J10 - N10 + IF(F10=2, 3, 0),0)) -> 582
A11: =IF(B11="","", ROW()-1) -> 10 | B11: Paolo | C11: Francia | D11: Birra | E11: Gae | F11: 1 | G11: =IFERROR(__xludf.DUMMYFUNCTION("IF(B11="""","""",ROUND(XLOOKUP(B11, FLATTEN(B$1:E10), FLATTEN(O$1:R10), 500, 0, -1)))"),500.0) -> 500 | H11: =IFERROR(__xludf.DUMMYFUNCTION("IF(C11="""","""",ROUND(XLOOKUP(C11, FLATTEN(B$1:E10), FLATTEN(O$1:R10), 500, 0, -1)))"),582.0) -> 582 | I11: =IFERROR(__xludf.DUMMYFUNCTION("IF(D11="""","""",ROUND(XLOOKUP(D11, FLATTEN(B$1:E10), FLATTEN(O$1:R10), 500, 0, -1)))"),500.0) -> 500 | J11: =IFERROR(__xludf.DUMMYFUNCTION("IF(E11="""","""",ROUND(XLOOKUP(E11, FLATTEN(B$1:E10), FLATTEN(O$1:R10), 500, 0, -1)))"),445.0) -> 445 | K11: =IF(B11="","",ROUND((G11+H11)/2 - ((MAX(G11,H11)-MIN(G11,H11))^2)/1200,0)) -> 535 | L11: =IF(D11="","",ROUND((I11+J11)/2 - ((MAX(I11,J11)-MIN(I11,J11))^2)/1200,0)) -> 470 | M11: =IF(F11="","",ROUND(1 / (1 + 10^((L11-K11)/400)), 2)) -> 0.59 | N11: =IF(F11="","",ROUND(40 * (IF(F11=1, 1, 0) - M11),0)) -> 16 | O11: =IF(F11="","",ROUND(G11 + N11 + IF(F11=1, 3, 0),0)) -> 519 | P11: =IF(F11="","",ROUND(H11 + N11 + IF(F11=1, 3, 0),0)) -> 601 | Q11: =IF(F11="","",ROUND(I11 - N11 + IF(F11=2, 3, 0),0)) -> 484 | R11: =IF(F11="","",ROUND(J11 - N11 + IF(F11=2, 3, 0),0)) -> 429
A12: =IF(B12="","", ROW()-1) -> 11 | B12: Riki | C12: Col | D12: Matos | E12: Filli | F12: 1 | G12: =IFERROR(__xludf.DUMMYFUNCTION("IF(B12="""","""",ROUND(XLOOKUP(B12, FLATTEN(B$1:E11), FLATTEN(O$1:R11), 500, 0, -1)))"),500.0) -> 500 | H12: =IFERROR(__xludf.DUMMYFUNCTION("IF(C12="""","""",ROUND(XLOOKUP(C12, FLATTEN(B$1:E11), FLATTEN(O$1:R11), 500, 0, -1)))"),500.0) -> 500 | I12: =IFERROR(__xludf.DUMMYFUNCTION("IF(D12="""","""",ROUND(XLOOKUP(D12, FLATTEN(B$1:E11), FLATTEN(O$1:R11), 500, 0, -1)))"),582.0) -> 582 | J12: =IFERROR(__xludf.DUMMYFUNCTION("IF(E12="""","""",ROUND(XLOOKUP(E12, FLATTEN(B$1:E11), FLATTEN(O$1:R11), 500, 0, -1)))"),500.0) -> 500 | K12: =IF(B12="","",ROUND((G12+H12)/2 - ((MAX(G12,H12)-MIN(G12,H12))^2)/1200,0)) -> 500 | L12: =IF(D12="","",ROUND((I12+J12)/2 - ((MAX(I12,J12)-MIN(I12,J12))^2)/1200,0)) -> 535 | M12: =IF(F12="","",ROUND(1 / (1 + 10^((L12-K12)/400)), 2)) -> 0.45 | N12: =IF(F12="","",ROUND(40 * (IF(F12=1, 1, 0) - M12),0)) -> 22 | O12: =IF(F12="","",ROUND(G12 + N12 + IF(F12=1, 3, 0),0)) -> 525 | P12: =IF(F12="","",ROUND(H12 + N12 + IF(F12=1, 3, 0),0)) -> 525 | Q12: =IF(F12="","",ROUND(I12 - N12 + IF(F12=2, 3, 0),0)) -> 560 | R12: =IF(F12="","",ROUND(J12 - N12 + IF(F12=2, 3, 0),0)) -> 478
A13: =IF(B13="","", ROW()-1) -> 12 | B13: Riki | C13: Col | D13: Birra | E13: Gae | F13: 1 | G13: =IFERROR(__xludf.DUMMYFUNCTION("IF(B13="""","""",ROUND(XLOOKUP(B13, FLATTEN(B$1:E12), FLATTEN(O$1:R12), 500, 0, -1)))"),525.0) -> 525 | H13: =IFERROR(__xludf.DUMMYFUNCTION("IF(C13="""","""",ROUND(XLOOKUP(C13, FLATTEN(B$1:E12), FLATTEN(O$1:R12), 500, 0, -1)))"),525.0) -> 525 | I13: =IFERROR(__xludf.DUMMYFUNCTION("IF(D13="""","""",ROUND(XLOOKUP(D13, FLATTEN(B$1:E12), FLATTEN(O$1:R12), 500, 0, -1)))"),484.0) -> 484 | J13: =IFERROR(__xludf.DUMMYFUNCTION("IF(E13="""","""",ROUND(XLOOKUP(E13, FLATTEN(B$1:E12), FLATTEN(O$1:R12), 500, 0, -1)))"),429.0) -> 429 | K13: =IF(B13="","",ROUND((G13+H13)/2 - ((MAX(G13,H13)-MIN(G13,H13))^2)/1200,0)) -> 525 | L13: =IF(D13="","",ROUND((I13+J13)/2 - ((MAX(I13,J13)-MIN(I13,J13))^2)/1200,0)) -> 454 | M13: =IF(F13="","",ROUND(1 / (1 + 10^((L13-K13)/400)), 2)) -> 0.6 | N13: =IF(F13="","",ROUND(40 * (IF(F13=1, 1, 0) - M13),0)) -> 16 | O13: =IF(F13="","",ROUND(G13 + N13 + IF(F13=1, 3, 0),0)) -> 544 | P13: =IF(F13="","",ROUND(H13 + N13 + IF(F13=1, 3, 0),0)) -> 544 | Q13: =IF(F13="","",ROUND(I13 - N13 + IF(F13=2, 3, 0),0)) -> 468 | R13: =IF(F13="","",ROUND(J13 - N13 + IF(F13=2, 3, 0),0)) -> 413
A14: =IF(B14="","", ROW()-1) -> 13 | B14: Matos | C14: Filli | D14: Paolo | E14: Francia | F14: 1 | G14: =IFERROR(__xludf.DUMMYFUNCTION("IF(B14="""","""",ROUND(XLOOKUP(B14, FLATTEN(B$1:E13), FLATTEN(O$1:R13), 500, 0, -1)))"),560.0) -> 560 | H14: =IFERROR(__xludf.DUMMYFUNCTION("IF(C14="""","""",ROUND(XLOOKUP(C14, FLATTEN(B$1:E13), FLATTEN(O$1:R13), 500, 0, -1)))"),478.0) -> 478 | I14: =IFERROR(__xludf.DUMMYFUNCTION("IF(D14="""","""",ROUND(XLOOKUP(D14, FLATTEN(B$1:E13), FLATTEN(O$1:R13), 500, 0, -1)))"),519.0) -> 519 | J14: =IFERROR(__xludf.DUMMYFUNCTION("IF(E14="""","""",ROUND(XLOOKUP(E14, FLATTEN(B$1:E13), FLATTEN(O$1:R13), 500, 0, -1)))"),601.0) -> 601 | K14: =IF(B14="","",ROUND((G14+H14)/2 - ((MAX(G14,H14)-MIN(G14,H14))^2)/1200,0)) -> 513 | L14: =IF(D14="","",ROUND((I14+J14)/2 - ((MAX(I14,J14)-MIN(I14,J14))^2)/1200,0)) -> 554 | M14: =IF(F14="","",ROUND(1 / (1 + 10^((L14-K14)/400)), 2)) -> 0.44 | N14: =IF(F14="","",ROUND(40 * (IF(F14=1, 1, 0) - M14),0)) -> 22 | O14: =IF(F14="","",ROUND(G14 + N14 + IF(F14=1, 3, 0),0)) -> 585 | P14: =IF(F14="","",ROUND(H14 + N14 + IF(F14=1, 3, 0),0)) -> 503 | Q14: =IF(F14="","",ROUND(I14 - N14 + IF(F14=2, 3, 0),0)) -> 497 | R14: =IF(F14="","",ROUND(J14 - N14 + IF(F14=2, 3, 0),0)) -> 579
A15: =IF(B15="","", ROW()-1) -> 14 | B15: Matos | C15: Filli | D15: Birra | E15: Gae | F15: 1 | G15: =IFERROR(__xludf.DUMMYFUNCTION("IF(B15="""","""",ROUND(XLOOKUP(B15, FLATTEN(B$1:E14), FLATTEN(O$1:R14), 500, 0, -1)))"),585.0) -> 585 | H15: =IFERROR(__xludf.DUMMYFUNCTION("IF(C15="""","""",ROUND(XLOOKUP(C15, FLATTEN(B$1:E14), FLATTEN(O$1:R14), 500, 0, -1)))"),503.0) -> 503 | I15: =IFERROR(__xludf.DUMMYFUNCTION("IF(D15="""","""",ROUND(XLOOKUP(D15, FLATTEN(B$1:E14), FLATTEN(O$1:R14), 500, 0, -1)))"),468.0) -> 468 | J15: =IFERROR(__xludf.DUMMYFUNCTION("IF(E15="""","""",ROUND(XLOOKUP(E15, FLATTEN(B$1:E14), FLATTEN(O$1:R14), 500, 0, -1)))"),413.0) -> 413 | K15: =IF(B15="","",ROUND((G15+H15)/2 - ((MAX(G15,H15)-MIN(G15,H15))^2)/1200,0)) -> 538 | L15: =IF(D15="","",ROUND((I15+J15)/2 - ((MAX(I15,J15)-MIN(I15,J15))^2)/1200,0)) -> 438 | M15: =IF(F15="","",ROUND(1 / (1 + 10^((L15-K15)/400)), 2)) -> 0.64 | N15: =IF(F15="","",ROUND(40 * (IF(F15=1, 1, 0) - M15),0)) -> 14 | O15: =IF(F15="","",ROUND(G15 + N15 + IF(F15=1, 3, 0),0)) -> 602 | P15: =IF(F15="","",ROUND(H15 + N15 + IF(F15=1, 3, 0),0)) -> 520 | Q15: =IF(F15="","",ROUND(I15 - N15 + IF(F15=2, 3, 0),0)) -> 454 | R15: =IF(F15="","",ROUND(J15 - N15 + IF(F15=2, 3, 0),0)) -> 399
A16: =IF(B16="","", ROW()-1) -> 15 | B16: Paolo | C16: Francia | D16: Riki | E16: Col | F16: 1 | G16: =IFERROR(__xludf.DUMMYFUNCTION("IF(B16="""","""",ROUND(XLOOKUP(B16, FLATTEN(B$1:E15), FLATTEN(O$1:R15), 500, 0, -1)))"),497.0) -> 497 | H16: =IFERROR(__xludf.DUMMYFUNCTION("IF(C16="""","""",ROUND(XLOOKUP(C16, FLATTEN(B$1:E15), FLATTEN(O$1:R15), 500, 0, -1)))"),579.0) -> 579 | I16: =IFERROR(__xludf.DUMMYFUNCTION("IF(D16="""","""",ROUND(XLOOKUP(D16, FLATTEN(B$1:E15), FLATTEN(O$1:R15), 500, 0, -1)))"),544.0) -> 544 | J16: =IFERROR(__xludf.DUMMYFUNCTION("IF(E16="""","""",ROUND(XLOOKUP(E16, FLATTEN(B$1:E15), FLATTEN(O$1:R15), 500, 0, -1)))"),544.0) -> 544 | K16: =IF(B16="","",ROUND((G16+H16)/2 - ((MAX(G16,H16)-MIN(G16,H16))^2)/1200,0)) -> 532 | L16: =IF(D16="","",ROUND((I16+J16)/2 - ((MAX(I16,J16)-MIN(I16,J16))^2)/1200,0)) -> 544 | M16: =IF(F16="","",ROUND(1 / (1 + 10^((L16-K16)/400)), 2)) -> 0.48 | N16: =IF(F16="","",ROUND(40 * (IF(F16=1, 1, 0) - M16),0)) -> 21 | O16: =IF(F16="","",ROUND(G16 + N16 + IF(F16=1, 3, 0),0)) -> 521 | P16: =IF(F16="","",ROUND(H16 + N16 + IF(F16=1, 3, 0),0)) -> 603 | Q16: =IF(F16="","",ROUND(I16 - N16 + IF(F16=2, 3, 0),0)) -> 523 | R16: =IF(F16="","",ROUND(J16 - N16 + IF(F16=2, 3, 0),0)) -> 523
A17: =IF(B17="","", ROW()-1) -> 16 | B17: Birra | C17: Gae | D17: Riki | E17: Col | F17: 1 | G17: =IFERROR(__xludf.DUMMYFUNCTION("IF(B17="""","""",ROUND(XLOOKUP(B17, FLATTEN(B$1:E16), FLATTEN(O$1:R16), 500, 0, -1)))"),454.0) -> 454 | H17: =IFERROR(__xludf.DUMMYFUNCTION("IF(C17="""","""",ROUND(XLOOKUP(C17, FLATTEN(B$1:E16), FLATTEN(O$1:R16), 500, 0, -1)))"),399.0) -> 399 | I17: =IFERROR(__xludf.DUMMYFUNCTION("IF(D17="""","""",ROUND(XLOOKUP(D17, FLATTEN(B$1:E16), FLATTEN(O$1:R16), 500, 0, -1)))"),523.0) -> 523 | J17: =IFERROR(__xludf.DUMMYFUNCTION("IF(E17="""","""",ROUND(XLOOKUP(E17, FLATTEN(B$1:E16), FLATTEN(O$1:R16), 500, 0, -1)))"),523.0) -> 523 | K17: =IF(B17="","",ROUND((G17+H17)/2 - ((MAX(G17,H17)-MIN(G17,H17))^2)/1200,0)) -> 424 | L17: =IF(D17="","",ROUND((I17+J17)/2 - ((MAX(I17,J17)-MIN(I17,J17))^2)/1200,0)) -> 523 | M17: =IF(F17="","",ROUND(1 / (1 + 10^((L17-K17)/400)), 2)) -> 0.36 | N17: =IF(F17="","",ROUND(40 * (IF(F17=1, 1, 0) - M17),0)) -> 26 | O17: =IF(F17="","",ROUND(G17 + N17 + IF(F17=1, 3, 0),0)) -> 483 | P17: =IF(F17="","",ROUND(H17 + N17 + IF(F17=1, 3, 0),0)) -> 428 | Q17: =IF(F17="","",ROUND(I17 - N17 + IF(F17=2, 3, 0),0)) -> 497 | R17: =IF(F17="","",ROUND(J17 - N17 + IF(F17=2, 3, 0),0)) -> 497
A18: =IF(B18="","", ROW()-1) -> 17 | B18: Paolo | C18: Francia | D18: Matos | E18: Filli | F18: 1 | G18: =IFERROR(__xludf.DUMMYFUNCTION("IF(B18="""","""",ROUND(XLOOKUP(B18, FLATTEN(B$1:E17), FLATTEN(O$1:R17), 500, 0, -1)))"),521.0) -> 521 | H18: =IFERROR(__xludf.DUMMYFUNCTION("IF(C18="""","""",ROUND(XLOOKUP(C18, FLATTEN(B$1:E17), FLATTEN(O$1:R17), 500, 0, -1)))"),603.0) -> 603 | I18: =IFERROR(__xludf.DUMMYFUNCTION("IF(D18="""","""",ROUND(XLOOKUP(D18, FLATTEN(B$1:E17), FLATTEN(O$1:R17), 500, 0, -1)))"),602.0) -> 602 | J18: =IFERROR(__xludf.DUMMYFUNCTION("IF(E18="""","""",ROUND(XLOOKUP(E18, FLATTEN(B$1:E17), FLATTEN(O$1:R17), 500, 0, -1)))"),520.0) -> 520 | K18: =IF(B18="","",ROUND((G18+H18)/2 - ((MAX(G18,H18)-MIN(G18,H18))^2)/1200,0)) -> 556 | L18: =IF(D18="","",ROUND((I18+J18)/2 - ((MAX(I18,J18)-MIN(I18,J18))^2)/1200,0)) -> 555 | M18: =IF(F18="","",ROUND(1 / (1 + 10^((L18-K18)/400)), 2)) -> 0.5 | N18: =IF(F18="","",ROUND(40 * (IF(F18=1, 1, 0) - M18),0)) -> 20 | O18: =IF(F18="","",ROUND(G18 + N18 + IF(F18=1, 3, 0),0)) -> 544 | P18: =IF(F18="","",ROUND(H18 + N18 + IF(F18=1, 3, 0),0)) -> 626 | Q18: =IF(F18="","",ROUND(I18 - N18 + IF(F18=2, 3, 0),0)) -> 582 | R18: =IF(F18="","",ROUND(J18 - N18 + IF(F18=2, 3, 0),0)) -> 500
A19: =IF(B19="","", ROW()-1) -> 18 | B19: Birra | C19: Gae | D19: Paolo | E19: Francia | F19: 1 | G19: =IFERROR(__xludf.DUMMYFUNCTION("IF(B19="""","""",ROUND(XLOOKUP(B19, FLATTEN(B$1:E18), FLATTEN(O$1:R18), 500, 0, -1)))"),483.0) -> 483 | H19: =IFERROR(__xludf.DUMMYFUNCTION("IF(C19="""","""",ROUND(XLOOKUP(C19, FLATTEN(B$1:E18), FLATTEN(O$1:R18), 500, 0, -1)))"),428.0) -> 428 | I19: =IFERROR(__xludf.DUMMYFUNCTION("IF(D19="""","""",ROUND(XLOOKUP(D19, FLATTEN(B$1:E18), FLATTEN(O$1:R18), 500, 0, -1)))"),544.0) -> 544 | J19: =IFERROR(__xludf.DUMMYFUNCTION("IF(E19="""","""",ROUND(XLOOKUP(E19, FLATTEN(B$1:E18), FLATTEN(O$1:R18), 500, 0, -1)))"),626.0) -> 626 | K19: =IF(B19="","",ROUND((G19+H19)/2 - ((MAX(G19,H19)-MIN(G19,H19))^2)/1200,0)) -> 453 | L19: =IF(D19="","",ROUND((I19+J19)/2 - ((MAX(I19,J19)-MIN(I19,J19))^2)/1200,0)) -> 579 | M19: =IF(F19="","",ROUND(1 / (1 + 10^((L19-K19)/400)), 2)) -> 0.33 | N19: =IF(F19="","",ROUND(40 * (IF(F19=1, 1, 0) - M19),0)) -> 27 | O19: =IF(F19="","",ROUND(G19 + N19 + IF(F19=1, 3, 0),0)) -> 513 | P19: =IF(F19="","",ROUND(H19 + N19 + IF(F19=1, 3, 0),0)) -> 458 | Q19: =IF(F19="","",ROUND(I19 - N19 + IF(F19=2, 3, 0),0)) -> 517 | R19: =IF(F19="","",ROUND(J19 - N19 + IF(F19=2, 3, 0),0)) -> 599
A20: =IF(B20="","", ROW()-1) -> 19 | B20: Riki | C20: Col | D20: Matos | E20: Filli | F20: 1 | G20: =IFERROR(__xludf.DUMMYFUNCTION("IF(B20="""","""",ROUND(XLOOKUP(B20, FLATTEN(B$1:E19), FLATTEN(O$1:R19), 500, 0, -1)))"),497.0) -> 497 | H20: =IFERROR(__xludf.DUMMYFUNCTION("IF(C20="""","""",ROUND(XLOOKUP(C20, FLATTEN(B$1:E19), FLATTEN(O$1:R19), 500, 0, -1)))"),497.0) -> 497 | I20: =IFERROR(__xludf.DUMMYFUNCTION("IF(D20="""","""",ROUND(XLOOKUP(D20, FLATTEN(B$1:E19), FLATTEN(O$1:R19), 500, 0, -1)))"),582.0) -> 582 | J20: =IFERROR(__xludf.DUMMYFUNCTION("IF(E20="""","""",ROUND(XLOOKUP(E20, FLATTEN(B$1:E19), FLATTEN(O$1:R19), 500, 0, -1)))"),500.0) -> 500 | K20: =IF(B20="","",ROUND((G20+H20)/2 - ((MAX(G20,H20)-MIN(G20,H20))^2)/1200,0)) -> 497 | L20: =IF(D20="","",ROUND((I20+J20)/2 - ((MAX(I20,J20)-MIN(I20,J20))^2)/1200,0)) -> 535 | M20: =IF(F20="","",ROUND(1 / (1 + 10^((L20-K20)/400)), 2)) -> 0.45 | N20: =IF(F20="","",ROUND(40 * (IF(F20=1, 1, 0) - M20),0)) -> 22 | O20: =IF(F20="","",ROUND(G20 + N20 + IF(F20=1, 3, 0),0)) -> 522 | P20: =IF(F20="","",ROUND(H20 + N20 + IF(F20=1, 3, 0),0)) -> 522 | Q20: =IF(F20="","",ROUND(I20 - N20 + IF(F20=2, 3, 0),0)) -> 560 | R20: =IF(F20="","",ROUND(J20 - N20 + IF(F20=2, 3, 0),0)) -> 478
A21: =IF(B21="","", ROW()-1) -> 20 | B21: Birra | C21: Gae | D21: Matos | E21: Filli | F21: 1 | G21: =IFERROR(__xludf.DUMMYFUNCTION("IF(B21="""","""",ROUND(XLOOKUP(B21, FLATTEN(B$1:E20), FLATTEN(O$1:R20), 500, 0, -1)))"),513.0) -> 513 | H21: =IFERROR(__xludf.DUMMYFUNCTION("IF(C21="""","""",ROUND(XLOOKUP(C21, FLATTEN(B$1:E20), FLATTEN(O$1:R20), 500, 0, -1)))"),458.0) -> 458 | I21: =IFERROR(__xludf.DUMMYFUNCTION("IF(D21="""","""",ROUND(XLOOKUP(D21, FLATTEN(B$1:E20), FLATTEN(O$1:R20), 500, 0, -1)))"),560.0) -> 560 | J21: =IFERROR(__xludf.DUMMYFUNCTION("IF(E21="""","""",ROUND(XLOOKUP(E21, FLATTEN(B$1:E20), FLATTEN(O$1:R20), 500, 0, -1)))"),478.0) -> 478 | K21: =IF(B21="","",ROUND((G21+H21)/2 - ((MAX(G21,H21)-MIN(G21,H21))^2)/1200,0)) -> 483 | L21: =IF(D21="","",ROUND((I21+J21)/2 - ((MAX(I21,J21)-MIN(I21,J21))^2)/1200,0)) -> 513 | M21: =IF(F21="","",ROUND(1 / (1 + 10^((L21-K21)/400)), 2)) -> 0.46 | N21: =IF(F21="","",ROUND(40 * (IF(F21=1, 1, 0) - M21),0)) -> 22 | O21: =IF(F21="","",ROUND(G21 + N21 + IF(F21=1, 3, 0),0)) -> 538 | P21: =IF(F21="","",ROUND(H21 + N21 + IF(F21=1, 3, 0),0)) -> 483 | Q21: =IF(F21="","",ROUND(I21 - N21 + IF(F21=2, 3, 0),0)) -> 538 | R21: =IF(F21="","",ROUND(J21 - N21 + IF(F21=2, 3, 0),0)) -> 456
A22: =IF(B22="","", ROW()-1) -> 21 | B22: Riki | C22: Col | D22: Paolo | E22: Francia | F22: 1 | G22: =IFERROR(__xludf.DUMMYFUNCTION("IF(B22="""","""",ROUND(XLOOKUP(B22, FLATTEN(B$1:E21), FLATTEN(O$1:R21), 500, 0, -1)))"),522.0) -> 522 | H22: =IFERROR(__xludf.DUMMYFUNCTION("IF(C22="""","""",ROUND(XLOOKUP(C22, FLATTEN(B$1:E21), FLATTEN(O$1:R21), 500, 0, -1)))"),522.0) -> 522 | I22: =IFERROR(__xludf.DUMMYFUNCTION("IF(D22="""","""",ROUND(XLOOKUP(D22, FLATTEN(B$1:E21), FLATTEN(O$1:R21), 500, 0, -1)))"),517.0) -> 517 | J22: =IFERROR(__xludf.DUMMYFUNCTION("IF(E22="""","""",ROUND(XLOOKUP(E22, FLATTEN(B$1:E21), FLATTEN(O$1:R21), 500, 0, -1)))"),599.0) -> 599 | K22: =IF(B22="","",ROUND((G22+H22)/2 - ((MAX(G22,H22)-MIN(G22,H22))^2)/1200,0)) -> 522 | L22: =IF(D22="","",ROUND((I22+J22)/2 - ((MAX(I22,J22)-MIN(I22,J22))^2)/1200,0)) -> 552 | M22: =IF(F22="","",ROUND(1 / (1 + 10^((L22-K22)/400)), 2)) -> 0.46 | N22: =IF(F22="","",ROUND(40 * (IF(F22=1, 1, 0) - M22),0)) -> 22 | O22: =IF(F22="","",ROUND(G22 + N22 + IF(F22=1, 3, 0),0)) -> 547 | P22: =IF(F22="","",ROUND(H22 + N22 + IF(F22=1, 3, 0),0)) -> 547 | Q22: =IF(F22="","",ROUND(I22 - N22 + IF(F22=2, 3, 0),0)) -> 495 | R22: =IF(F22="","",ROUND(J22 - N22 + IF(F22=2, 3, 0),0)) -> 577
A23: =IF(B23="","", ROW()-1) -> 22 | B23: Birra | C23: Gae | D23: Riki | E23: Col | F23: 1 | G23: =IFERROR(__xludf.DUMMYFUNCTION("IF(B23="""","""",ROUND(XLOOKUP(B23, FLATTEN(B$1:E22), FLATTEN(O$1:R22), 500, 0, -1)))"),538.0) -> 538 | H23: =IFERROR(__xludf.DUMMYFUNCTION("IF(C23="""","""",ROUND(XLOOKUP(C23, FLATTEN(B$1:E22), FLATTEN(O$1:R22), 500, 0, -1)))"),483.0) -> 483 | I23: =IFERROR(__xludf.DUMMYFUNCTION("IF(D23="""","""",ROUND(XLOOKUP(D23, FLATTEN(B$1:E22), FLATTEN(O$1:R22), 500, 0, -1)))"),547.0) -> 547 | J23: =IFERROR(__xludf.DUMMYFUNCTION("IF(E23="""","""",ROUND(XLOOKUP(E23, FLATTEN(B$1:E22), FLATTEN(O$1:R22), 500, 0, -1)))"),547.0) -> 547 | K23: =IF(B23="","",ROUND((G23+H23)/2 - ((MAX(G23,H23)-MIN(G23,H23))^2)/1200,0)) -> 508 | L23: =IF(D23="","",ROUND((I23+J23)/2 - ((MAX(I23,J23)-MIN(I23,J23))^2)/1200,0)) -> 547 | M23: =IF(F23="","",ROUND(1 / (1 + 10^((L23-K23)/400)), 2)) -> 0.44 | N23: =IF(F23="","",ROUND(40 * (IF(F23=1, 1, 0) - M23),0)) -> 22 | O23: =IF(F23="","",ROUND(G23 + N23 + IF(F23=1, 3, 0),0)) -> 563 | P23: =IF(F23="","",ROUND(H23 + N23 + IF(F23=1, 3, 0),0)) -> 508 | Q23: =IF(F23="","",ROUND(I23 - N23 + IF(F23=2, 3, 0),0)) -> 525 | R23: =IF(F23="","",ROUND(J23 - N23 + IF(F23=2, 3, 0),0)) -> 525
A24: =IF(B24="","", ROW()-1) -> 23 | B24: Matos | C24: Filli | D24: Paolo | E24: Francia | F24: 1 | G24: =IFERROR(__xludf.DUMMYFUNCTION("IF(B24="""","""",ROUND(XLOOKUP(B24, FLATTEN(B$1:E23), FLATTEN(O$1:R23), 500, 0, -1)))"),538.0) -> 538 | H24: =IFERROR(__xludf.DUMMYFUNCTION("IF(C24="""","""",ROUND(XLOOKUP(C24, FLATTEN(B$1:E23), FLATTEN(O$1:R23), 500, 0, -1)))"),456.0) -> 456 | I24: =IFERROR(__xludf.DUMMYFUNCTION("IF(D24="""","""",ROUND(XLOOKUP(D24, FLATTEN(B$1:E23), FLATTEN(O$1:R23), 500, 0, -1)))"),495.0) -> 495 | J24: =IFERROR(__xludf.DUMMYFUNCTION("IF(E24="""","""",ROUND(XLOOKUP(E24, FLATTEN(B$1:E23), FLATTEN(O$1:R23), 500, 0, -1)))"),577.0) -> 577 | K24: =IF(B24="","",ROUND((G24+H24)/2 - ((MAX(G24,H24)-MIN(G24,H24))^2)/1200,0)) -> 491 | L24: =IF(D24="","",ROUND((I24+J24)/2 - ((MAX(I24,J24)-MIN(I24,J24))^2)/1200,0)) -> 530 | M24: =IF(F24="","",ROUND(1 / (1 + 10^((L24-K24)/400)), 2)) -> 0.44 | N24: =IF(F24="","",ROUND(40 * (IF(F24=1, 1, 0) - M24),0)) -> 22 | O24: =IF(F24="","",ROUND(G24 + N24 + IF(F24=1, 3, 0),0)) -> 563 | P24: =IF(F24="","",ROUND(H24 + N24 + IF(F24=1, 3, 0),0)) -> 481 | Q24: =IF(F24="","",ROUND(I24 - N24 + IF(F24=2, 3, 0),0)) -> 473 | R24: =IF(F24="","",ROUND(J24 - N24 + IF(F24=2, 3, 0),0)) -> 555
A25: =IF(B25="","", ROW()-1) -> 24 | B25: Francia | C25: Gae | D25: Vesco | E25: Picci | F25: 1 | G25: =IFERROR(__xludf.DUMMYFUNCTION("IF(B25="""","""",ROUND(XLOOKUP(B25, FLATTEN(B$1:E24), FLATTEN(O$1:R24), 500, 0, -1)))"),555.0) -> 555 | H25: =IFERROR(__xludf.DUMMYFUNCTION("IF(C25="""","""",ROUND(XLOOKUP(C25, FLATTEN(B$1:E24), FLATTEN(O$1:R24), 500, 0, -1)))"),508.0) -> 508 | I25: =IFERROR(__xludf.DUMMYFUNCTION("IF(D25="""","""",ROUND(XLOOKUP(D25, FLATTEN(B$1:E24), FLATTEN(O$1:R24), 500, 0, -1)))"),500.0) -> 500 | J25: =IFERROR(__xludf.DUMMYFUNCTION("IF(E25="""","""",ROUND(XLOOKUP(E25, FLATTEN(B$1:E24), FLATTEN(O$1:R24), 500, 0, -1)))"),500.0) -> 500 | K25: =IF(B25="","",ROUND((G25+H25)/2 - ((MAX(G25,H25)-MIN(G25,H25))^2)/1200,0)) -> 530 | L25: =IF(D25="","",ROUND((I25+J25)/2 - ((MAX(I25,J25)-MIN(I25,J25))^2)/1200,0)) -> 500 | M25: =IF(F25="","",ROUND(1 / (1 + 10^((L25-K25)/400)), 2)) -> 0.54 | N25: =IF(F25="","",ROUND(40 * (IF(F25=1, 1, 0) - M25),0)) -> 18 | O25: =IF(F25="","",ROUND(G25 + N25 + IF(F25=1, 3, 0),0)) -> 576 | P25: =IF(F25="","",ROUND(H25 + N25 + IF(F25=1, 3, 0),0)) -> 529 | Q25: =IF(F25="","",ROUND(I25 - N25 + IF(F25=2, 3, 0),0)) -> 482 | R25: =IF(F25="","",ROUND(J25 - N25 + IF(F25=2, 3, 0),0)) -> 482
A26: =IF(B26="","", ROW()-1) -> 25 | B26: Bonny | C26: Feli | D26: Matos | E26: Paolo | F26: 1 | G26: =IFERROR(__xludf.DUMMYFUNCTION("IF(B26="""","""",ROUND(XLOOKUP(B26, FLATTEN(B$1:E25), FLATTEN(O$1:R25), 500, 0, -1)))"),445.0) -> 445 | H26: =IFERROR(__xludf.DUMMYFUNCTION("IF(C26="""","""",ROUND(XLOOKUP(C26, FLATTEN(B$1:E25), FLATTEN(O$1:R25), 500, 0, -1)))"),500.0) -> 500 | I26: =IFERROR(__xludf.DUMMYFUNCTION("IF(D26="""","""",ROUND(XLOOKUP(D26, FLATTEN(B$1:E25), FLATTEN(O$1:R25), 500, 0, -1)))"),563.0) -> 563 | J26: =IFERROR(__xludf.DUMMYFUNCTION("IF(E26="""","""",ROUND(XLOOKUP(E26, FLATTEN(B$1:E25), FLATTEN(O$1:R25), 500, 0, -1)))"),473.0) -> 473 | K26: =IF(B26="","",ROUND((G26+H26)/2 - ((MAX(G26,H26)-MIN(G26,H26))^2)/1200,0)) -> 470 | L26: =IF(D26="","",ROUND((I26+J26)/2 - ((MAX(I26,J26)-MIN(I26,J26))^2)/1200,0)) -> 511 | M26: =IF(F26="","",ROUND(1 / (1 + 10^((L26-K26)/400)), 2)) -> 0.44 | N26: =IF(F26="","",ROUND(40 * (IF(F26=1, 1, 0) - M26),0)) -> 22 | O26: =IF(F26="","",ROUND(G26 + N26 + IF(F26=1, 3, 0),0)) -> 470 | P26: =IF(F26="","",ROUND(H26 + N26 + IF(F26=1, 3, 0),0)) -> 525 | Q26: =IF(F26="","",ROUND(I26 - N26 + IF(F26=2, 3, 0),0)) -> 541 | R26: =IF(F26="","",ROUND(J26 - N26 + IF(F26=2, 3, 0),0)) -> 451
A27: =IF(B27="","", ROW()-1) -> 26 | B27: Vesco | C27: Picci | D27: Matos | E27: Paolo | F27: 1 | G27: =IFERROR(__xludf.DUMMYFUNCTION("IF(B27="""","""",ROUND(XLOOKUP(B27, FLATTEN(B$1:E26), FLATTEN(O$1:R26), 500, 0, -1)))"),482.0) -> 482 | H27: =IFERROR(__xludf.DUMMYFUNCTION("IF(C27="""","""",ROUND(XLOOKUP(C27, FLATTEN(B$1:E26), FLATTEN(O$1:R26), 500, 0, -1)))"),482.0) -> 482 | I27: =IFERROR(__xludf.DUMMYFUNCTION("IF(D27="""","""",ROUND(XLOOKUP(D27, FLATTEN(B$1:E26), FLATTEN(O$1:R26), 500, 0, -1)))"),541.0) -> 541 | J27: =IFERROR(__xludf.DUMMYFUNCTION("IF(E27="""","""",ROUND(XLOOKUP(E27, FLATTEN(B$1:E26), FLATTEN(O$1:R26), 500, 0, -1)))"),451.0) -> 451 | K27: =IF(B27="","",ROUND((G27+H27)/2 - ((MAX(G27,H27)-MIN(G27,H27))^2)/1200,0)) -> 482 | L27: =IF(D27="","",ROUND((I27+J27)/2 - ((MAX(I27,J27)-MIN(I27,J27))^2)/1200,0)) -> 489 | M27: =IF(F27="","",ROUND(1 / (1 + 10^((L27-K27)/400)), 2)) -> 0.49 | N27: =IF(F27="","",ROUND(40 * (IF(F27=1, 1, 0) - M27),0)) -> 20 | O27: =IF(F27="","",ROUND(G27 + N27 + IF(F27=1, 3, 0),0)) -> 505 | P27: =IF(F27="","",ROUND(H27 + N27 + IF(F27=1, 3, 0),0)) -> 505 | Q27: =IF(F27="","",ROUND(I27 - N27 + IF(F27=2, 3, 0),0)) -> 521 | R27: =IF(F27="","",ROUND(J27 - N27 + IF(F27=2, 3, 0),0)) -> 431
A28: =IF(B28="","", ROW()-1) -> 27 | B28: Francia | C28: Gae | D28: Bonny | E28: Feli | F28: 1 | G28: =IFERROR(__xludf.DUMMYFUNCTION("IF(B28="""","""",ROUND(XLOOKUP(B28, FLATTEN(B$1:E27), FLATTEN(O$1:R27), 500, 0, -1)))"),576.0) -> 576 | H28: =IFERROR(__xludf.DUMMYFUNCTION("IF(C28="""","""",ROUND(XLOOKUP(C28, FLATTEN(B$1:E27), FLATTEN(O$1:R27), 500, 0, -1)))"),529.0) -> 529 | I28: =IFERROR(__xludf.DUMMYFUNCTION("IF(D28="""","""",ROUND(XLOOKUP(D28, FLATTEN(B$1:E27), FLATTEN(O$1:R27), 500, 0, -1)))"),470.0) -> 470 | J28: =IFERROR(__xludf.DUMMYFUNCTION("IF(E28="""","""",ROUND(XLOOKUP(E28, FLATTEN(B$1:E27), FLATTEN(O$1:R27), 500, 0, -1)))"),525.0) -> 525 | K28: =IF(B28="","",ROUND((G28+H28)/2 - ((MAX(G28,H28)-MIN(G28,H28))^2)/1200,0)) -> 551 | L28: =IF(D28="","",ROUND((I28+J28)/2 - ((MAX(I28,J28)-MIN(I28,J28))^2)/1200,0)) -> 495 | M28: =IF(F28="","",ROUND(1 / (1 + 10^((L28-K28)/400)), 2)) -> 0.58 | N28: =IF(F28="","",ROUND(40 * (IF(F28=1, 1, 0) - M28),0)) -> 17 | O28: =IF(F28="","",ROUND(G28 + N28 + IF(F28=1, 3, 0),0)) -> 596 | P28: =IF(F28="","",ROUND(H28 + N28 + IF(F28=1, 3, 0),0)) -> 549 | Q28: =IF(F28="","",ROUND(I28 - N28 + IF(F28=2, 3, 0),0)) -> 453 | R28: =IF(F28="","",ROUND(J28 - N28 + IF(F28=2, 3, 0),0)) -> 508
A29: =IF(B29="","", ROW()-1) -> 28 | B29: Vesco | C29: Picci | D29: Bonny | E29: Feli | F29: 1 | G29: =IFERROR(__xludf.DUMMYFUNCTION("IF(B29="""","""",ROUND(XLOOKUP(B29, FLATTEN(B$1:E28), FLATTEN(O$1:R28), 500, 0, -1)))"),505.0) -> 505 | H29: =IFERROR(__xludf.DUMMYFUNCTION("IF(C29="""","""",ROUND(XLOOKUP(C29, FLATTEN(B$1:E28), FLATTEN(O$1:R28), 500, 0, -1)))"),505.0) -> 505 | I29: =IFERROR(__xludf.DUMMYFUNCTION("IF(D29="""","""",ROUND(XLOOKUP(D29, FLATTEN(B$1:E28), FLATTEN(O$1:R28), 500, 0, -1)))"),453.0) -> 453 | J29: =IFERROR(__xludf.DUMMYFUNCTION("IF(E29="""","""",ROUND(XLOOKUP(E29, FLATTEN(B$1:E28), FLATTEN(O$1:R28), 500, 0, -1)))"),508.0) -> 508 | K29: =IF(B29="","",ROUND((G29+H29)/2 - ((MAX(G29,H29)-MIN(G29,H29))^2)/1200,0)) -> 505 | L29: =IF(D29="","",ROUND((I29+J29)/2 - ((MAX(I29,J29)-MIN(I29,J29))^2)/1200,0)) -> 478 | M29: =IF(F29="","",ROUND(1 / (1 + 10^((L29-K29)/400)), 2)) -> 0.54 | N29: =IF(F29="","",ROUND(40 * (IF(F29=1, 1, 0) - M29),0)) -> 18 | O29: =IF(F29="","",ROUND(G29 + N29 + IF(F29=1, 3, 0),0)) -> 526 | P29: =IF(F29="","",ROUND(H29 + N29 + IF(F29=1, 3, 0),0)) -> 526 | Q29: =IF(F29="","",ROUND(I29 - N29 + IF(F29=2, 3, 0),0)) -> 435 | R29: =IF(F29="","",ROUND(J29 - N29 + IF(F29=2, 3, 0),0)) -> 490
A30: =IF(B30="","", ROW()-1) -> 29 | B30: Francia | C30: Gae | D30: Matos | E30: Paolo | F30: 1 | G30: =IFERROR(__xludf.DUMMYFUNCTION("IF(B30="""","""",ROUND(XLOOKUP(B30, FLATTEN(B$1:E29), FLATTEN(O$1:R29), 500, 0, -1)))"),596.0) -> 596 | H30: =IFERROR(__xludf.DUMMYFUNCTION("IF(C30="""","""",ROUND(XLOOKUP(C30, FLATTEN(B$1:E29), FLATTEN(O$1:R29), 500, 0, -1)))"),549.0) -> 549 | I30: =IFERROR(__xludf.DUMMYFUNCTION("IF(D30="""","""",ROUND(XLOOKUP(D30, FLATTEN(B$1:E29), FLATTEN(O$1:R29), 500, 0, -1)))"),521.0) -> 521 | J30: =IFERROR(__xludf.DUMMYFUNCTION("IF(E30="""","""",ROUND(XLOOKUP(E30, FLATTEN(B$1:E29), FLATTEN(O$1:R29), 500, 0, -1)))"),431.0) -> 431 | K30: =IF(B30="","",ROUND((G30+H30)/2 - ((MAX(G30,H30)-MIN(G30,H30))^2)/1200,0)) -> 571 | L30: =IF(D30="","",ROUND((I30+J30)/2 - ((MAX(I30,J30)-MIN(I30,J30))^2)/1200,0)) -> 469 | M30: =IF(F30="","",ROUND(1 / (1 + 10^((L30-K30)/400)), 2)) -> 0.64 | N30: =IF(F30="","",ROUND(40 * (IF(F30=1, 1, 0) - M30),0)) -> 14 | O30: =IF(F30="","",ROUND(G30 + N30 + IF(F30=1, 3, 0),0)) -> 613 | P30: =IF(F30="","",ROUND(H30 + N30 + IF(F30=1, 3, 0),0)) -> 566 | Q30: =IF(F30="","",ROUND(I30 - N30 + IF(F30=2, 3, 0),0)) -> 507 | R30: =IF(F30="","",ROUND(J30 - N30 + IF(F30=2, 3, 0),0)) -> 417
A31: =IF(B31="","", ROW()-1) -> 30 | B31: Francia | C31: Gae | D31: Vesco | E31: Picci | F31: 1 | G31: =IFERROR(__xludf.DUMMYFUNCTION("IF(B31="""","""",ROUND(XLOOKUP(B31, FLATTEN(B$1:E30), FLATTEN(O$1:R30), 500, 0, -1)))"),613.0) -> 613 | H31: =IFERROR(__xludf.DUMMYFUNCTION("IF(C31="""","""",ROUND(XLOOKUP(C31, FLATTEN(B$1:E30), FLATTEN(O$1:R30), 500, 0, -1)))"),566.0) -> 566 | I31: =IFERROR(__xludf.DUMMYFUNCTION("IF(D31="""","""",ROUND(XLOOKUP(D31, FLATTEN(B$1:E30), FLATTEN(O$1:R30), 500, 0, -1)))"),526.0) -> 526 | J31: =IFERROR(__xludf.DUMMYFUNCTION("IF(E31="""","""",ROUND(XLOOKUP(E31, FLATTEN(B$1:E30), FLATTEN(O$1:R30), 500, 0, -1)))"),526.0) -> 526 | K31: =IF(B31="","",ROUND((G31+H31)/2 - ((MAX(G31,H31)-MIN(G31,H31))^2)/1200,0)) -> 588 | L31: =IF(D31="","",ROUND((I31+J31)/2 - ((MAX(I31,J31)-MIN(I31,J31))^2)/1200,0)) -> 526 | M31: =IF(F31="","",ROUND(1 / (1 + 10^((L31-K31)/400)), 2)) -> 0.59 | N31: =IF(F31="","",ROUND(40 * (IF(F31=1, 1, 0) - M31),0)) -> 16 | O31: =IF(F31="","",ROUND(G31 + N31 + IF(F31=1, 3, 0),0)) -> 632 | P31: =IF(F31="","",ROUND(H31 + N31 + IF(F31=1, 3, 0),0)) -> 585 | Q31: =IF(F31="","",ROUND(I31 - N31 + IF(F31=2, 3, 0),0)) -> 510 | R31: =IF(F31="","",ROUND(J31 - N31 + IF(F31=2, 3, 0),0)) -> 510
A32: =IF(B32="","", ROW()-1) -> 31 | B32: Matos | C32: Paolo | D32: Bonny | E32: Feli | F32: 1 | G32: =IFERROR(__xludf.DUMMYFUNCTION("IF(B32="""","""",ROUND(XLOOKUP(B32, FLATTEN(B$1:E31), FLATTEN(O$1:R31), 500, 0, -1)))"),507.0) -> 507 | H32: =IFERROR(__xludf.DUMMYFUNCTION("IF(C32="""","""",ROUND(XLOOKUP(C32, FLATTEN(B$1:E31), FLATTEN(O$1:R31), 500, 0, -1)))"),417.0) -> 417 | I32: =IFERROR(__xludf.DUMMYFUNCTION("IF(D32="""","""",ROUND(XLOOKUP(D32, FLATTEN(B$1:E31), FLATTEN(O$1:R31), 500, 0, -1)))"),435.0) -> 435 | J32: =IFERROR(__xludf.DUMMYFUNCTION("IF(E32="""","""",ROUND(XLOOKUP(E32, FLATTEN(B$1:E31), FLATTEN(O$1:R31), 500, 0, -1)))"),490.0) -> 490 | K32: =IF(B32="","",ROUND((G32+H32)/2 - ((MAX(G32,H32)-MIN(G32,H32))^2)/1200,0)) -> 455 | L32: =IF(D32="","",ROUND((I32+J32)/2 - ((MAX(I32,J32)-MIN(I32,J32))^2)/1200,0)) -> 460 | M32: =IF(F32="","",ROUND(1 / (1 + 10^((L32-K32)/400)), 2)) -> 0.49 | N32: =IF(F32="","",ROUND(40 * (IF(F32=1, 1, 0) - M32),0)) -> 20 | O32: =IF(F32="","",ROUND(G32 + N32 + IF(F32=1, 3, 0),0)) -> 530 | P32: =IF(F32="","",ROUND(H32 + N32 + IF(F32=1, 3, 0),0)) -> 440 | Q32: =IF(F32="","",ROUND(I32 - N32 + IF(F32=2, 3, 0),0)) -> 415 | R32: =IF(F32="","",ROUND(J32 - N32 + IF(F32=2, 3, 0),0)) -> 470
A33: =IF(B33="","", ROW()-1) -> 32 | B33: Vesco | C33: Picci | D33: Matos | E33: Paolo | F33: 1 | G33: =IFERROR(__xludf.DUMMYFUNCTION("IF(B33="""","""",ROUND(XLOOKUP(B33, FLATTEN(B$1:E32), FLATTEN(O$1:R32), 500, 0, -1)))"),510.0) -> 510 | H33: =IFERROR(__xludf.DUMMYFUNCTION("IF(C33="""","""",ROUND(XLOOKUP(C33, FLATTEN(B$1:E32), FLATTEN(O$1:R32), 500, 0, -1)))"),510.0) -> 510 | I33: =IFERROR(__xludf.DUMMYFUNCTION("IF(D33="""","""",ROUND(XLOOKUP(D33, FLATTEN(B$1:E32), FLATTEN(O$1:R32), 500, 0, -1)))"),530.0) -> 530 | J33: =IFERROR(__xludf.DUMMYFUNCTION("IF(E33="""","""",ROUND(XLOOKUP(E33, FLATTEN(B$1:E32), FLATTEN(O$1:R32), 500, 0, -1)))"),440.0) -> 440 | K33: =IF(B33="","",ROUND((G33+H33)/2 - ((MAX(G33,H33)-MIN(G33,H33))^2)/1200,0)) -> 510 | L33: =IF(D33="","",ROUND((I33+J33)/2 - ((MAX(I33,J33)-MIN(I33,J33))^2)/1200,0)) -> 478 | M33: =IF(F33="","",ROUND(1 / (1 + 10^((L33-K33)/400)), 2)) -> 0.55 | N33: =IF(F33="","",ROUND(40 * (IF(F33=1, 1, 0) - M33),0)) -> 18 | O33: =IF(F33="","",ROUND(G33 + N33 + IF(F33=1, 3, 0),0)) -> 531 | P33: =IF(F33="","",ROUND(H33 + N33 + IF(F33=1, 3, 0),0)) -> 531 | Q33: =IF(F33="","",ROUND(I33 - N33 + IF(F33=2, 3, 0),0)) -> 512 | R33: =IF(F33="","",ROUND(J33 - N33 + IF(F33=2, 3, 0),0)) -> 422
A34: =IF(B34="","", ROW()-1) -> 33 | B34: Francia | C34: Gae | D34: Bonny | E34: Feli | F34: 1 | G34: =IFERROR(__xludf.DUMMYFUNCTION("IF(B34="""","""",ROUND(XLOOKUP(B34, FLATTEN(B$1:E33), FLATTEN(O$1:R33), 500, 0, -1)))"),632.0) -> 632 | H34: =IFERROR(__xludf.DUMMYFUNCTION("IF(C34="""","""",ROUND(XLOOKUP(C34, FLATTEN(B$1:E33), FLATTEN(O$1:R33), 500, 0, -1)))"),585.0) -> 585 | I34: =IFERROR(__xludf.DUMMYFUNCTION("IF(D34="""","""",ROUND(XLOOKUP(D34, FLATTEN(B$1:E33), FLATTEN(O$1:R33), 500, 0, -1)))"),415.0) -> 415 | J34: =IFERROR(__xludf.DUMMYFUNCTION("IF(E34="""","""",ROUND(XLOOKUP(E34, FLATTEN(B$1:E33), FLATTEN(O$1:R33), 500, 0, -1)))"),470.0) -> 470 | K34: =IF(B34="","",ROUND((G34+H34)/2 - ((MAX(G34,H34)-MIN(G34,H34))^2)/1200,0)) -> 607 | L34: =IF(D34="","",ROUND((I34+J34)/2 - ((MAX(I34,J34)-MIN(I34,J34))^2)/1200,0)) -> 440 | M34: =IF(F34="","",ROUND(1 / (1 + 10^((L34-K34)/400)), 2)) -> 0.72 | N34: =IF(F34="","",ROUND(40 * (IF(F34=1, 1, 0) - M34),0)) -> 11 | O34: =IF(F34="","",ROUND(G34 + N34 + IF(F34=1, 3, 0),0)) -> 646 | P34: =IF(F34="","",ROUND(H34 + N34 + IF(F34=1, 3, 0),0)) -> 599 | Q34: =IF(F34="","",ROUND(I34 - N34 + IF(F34=2, 3, 0),0)) -> 404 | R34: =IF(F34="","",ROUND(J34 - N34 + IF(F34=2, 3, 0),0)) -> 459
A35: =IF(B35="","", ROW()-1) -> 34 | B35: Bonny | C35: Bonny | D35: Vesco | E35: Picci | F35: 1 | G35: =IFERROR(__xludf.DUMMYFUNCTION("IF(B35="""","""",ROUND(XLOOKUP(B35, FLATTEN(B$1:E34), FLATTEN(O$1:R34), 500, 0, -1)))"),404.0) -> 404 | H35: =IFERROR(__xludf.DUMMYFUNCTION("IF(C35="""","""",ROUND(XLOOKUP(C35, FLATTEN(B$1:E34), FLATTEN(O$1:R34), 500, 0, -1)))"),404.0) -> 404 | I35: =IFERROR(__xludf.DUMMYFUNCTION("IF(D35="""","""",ROUND(XLOOKUP(D35, FLATTEN(B$1:E34), FLATTEN(O$1:R34), 500, 0, -1)))"),531.0) -> 531 | J35: =IFERROR(__xludf.DUMMYFUNCTION("IF(E35="""","""",ROUND(XLOOKUP(E35, FLATTEN(B$1:E34), FLATTEN(O$1:R34), 500, 0, -1)))"),531.0) -> 531 | K35: =IF(B35="","",ROUND((G35+H35)/2 - ((MAX(G35,H35)-MIN(G35,H35))^2)/1200,0)) -> 404 | L35: =IF(D35="","",ROUND((I35+J35)/2 - ((MAX(I35,J35)-MIN(I35,J35))^2)/1200,0)) -> 531 | M35: =IF(F35="","",ROUND(1 / (1 + 10^((L35-K35)/400)), 2)) -> 0.32 | N35: =IF(F35="","",ROUND(40 * (IF(F35=1, 1, 0) - M35),0)) -> 27 | O35: =IF(F35="","",ROUND(G35 + N35 + IF(F35=1, 3, 0),0)) -> 434 | P35: =IF(F35="","",ROUND(H35 + N35 + IF(F35=1, 3, 0),0)) -> 434 | Q35: =IF(F35="","",ROUND(I35 - N35 + IF(F35=2, 3, 0),0)) -> 504 | R35: =IF(F35="","",ROUND(J35 - N35 + IF(F35=2, 3, 0),0)) -> 504
A36: =IF(B36="","", ROW()-1) -> 35 | B36: Matos | C36: Paolo | D36: Francia | E36: Gae | F36: 1 | G36: =IFERROR(__xludf.DUMMYFUNCTION("IF(B36="""","""",ROUND(XLOOKUP(B36, FLATTEN(B$1:E35), FLATTEN(O$1:R35), 500, 0, -1)))"),512.0) -> 512 | H36: =IFERROR(__xludf.DUMMYFUNCTION("IF(C36="""","""",ROUND(XLOOKUP(C36, FLATTEN(B$1:E35), FLATTEN(O$1:R35), 500, 0, -1)))"),422.0) -> 422 | I36: =IFERROR(__xludf.DUMMYFUNCTION("IF(D36="""","""",ROUND(XLOOKUP(D36, FLATTEN(B$1:E35), FLATTEN(O$1:R35), 500, 0, -1)))"),646.0) -> 646 | J36: =IFERROR(__xludf.DUMMYFUNCTION("IF(E36="""","""",ROUND(XLOOKUP(E36, FLATTEN(B$1:E35), FLATTEN(O$1:R35), 500, 0, -1)))"),599.0) -> 599 | K36: =IF(B36="","",ROUND((G36+H36)/2 - ((MAX(G36,H36)-MIN(G36,H36))^2)/1200,0)) -> 460 | L36: =IF(D36="","",ROUND((I36+J36)/2 - ((MAX(I36,J36)-MIN(I36,J36))^2)/1200,0)) -> 621 | M36: =IF(F36="","",ROUND(1 / (1 + 10^((L36-K36)/400)), 2)) -> 0.28 | N36: =IF(F36="","",ROUND(40 * (IF(F36=1, 1, 0) - M36),0)) -> 29 | O36: =IF(F36="","",ROUND(G36 + N36 + IF(F36=1, 3, 0),0)) -> 544 | P36: =IF(F36="","",ROUND(H36 + N36 + IF(F36=1, 3, 0),0)) -> 454 | Q36: =IF(F36="","",ROUND(I36 - N36 + IF(F36=2, 3, 0),0)) -> 617 | R36: =IF(F36="","",ROUND(J36 - N36 + IF(F36=2, 3, 0),0)) -> 570
A37: =IF(B37="","", ROW()-1) -> 36 | B37: Filli | C37: Filli | D37: Matos | E37: Gae | F37: 1 | G37: =IFERROR(__xludf.DUMMYFUNCTION("IF(B37="""","""",ROUND(XLOOKUP(B37, FLATTEN(B$1:E36), FLATTEN(O$1:R36), 500, 0, -1)))"),481.0) -> 481 | H37: =IFERROR(__xludf.DUMMYFUNCTION("IF(C37="""","""",ROUND(XLOOKUP(C37, FLATTEN(B$1:E36), FLATTEN(O$1:R36), 500, 0, -1)))"),481.0) -> 481 | I37: =IFERROR(__xludf.DUMMYFUNCTION("IF(D37="""","""",ROUND(XLOOKUP(D37, FLATTEN(B$1:E36), FLATTEN(O$1:R36), 500, 0, -1)))"),544.0) -> 544 | J37: =IFERROR(__xludf.DUMMYFUNCTION("IF(E37="""","""",ROUND(XLOOKUP(E37, FLATTEN(B$1:E36), FLATTEN(O$1:R36), 500, 0, -1)))"),570.0) -> 570 | K37: =IF(B37="","",ROUND((G37+H37)/2 - ((MAX(G37,H37)-MIN(G37,H37))^2)/1200,0)) -> 481 | L37: =IF(D37="","",ROUND((I37+J37)/2 - ((MAX(I37,J37)-MIN(I37,J37))^2)/1200,0)) -> 556 | M37: =IF(F37="","",ROUND(1 / (1 + 10^((L37-K37)/400)), 2)) -> 0.39 | N37: =IF(F37="","",ROUND(40 * (IF(F37=1, 1, 0) - M37),0)) -> 24 | O37: =IF(F37="","",ROUND(G37 + N37 + IF(F37=1, 3, 0),0)) -> 508 | P37: =IF(F37="","",ROUND(H37 + N37 + IF(F37=1, 3, 0),0)) -> 508 | Q37: =IF(F37="","",ROUND(I37 - N37 + IF(F37=2, 3, 0),0)) -> 520 | R37: =IF(F37="","",ROUND(J37 - N37 + IF(F37=2, 3, 0),0)) -> 546
A38: =IF(B38="","", ROW()-1) -> 37 | B38: Vesco | C38: Bonny | D38: Filli | E38: Paolo | F38: 1 | G38: =IFERROR(__xludf.DUMMYFUNCTION("IF(B38="""","""",ROUND(XLOOKUP(B38, FLATTEN(B$1:E37), FLATTEN(O$1:R37), 500, 0, -1)))"),504.0) -> 504 | H38: =IFERROR(__xludf.DUMMYFUNCTION("IF(C38="""","""",ROUND(XLOOKUP(C38, FLATTEN(B$1:E37), FLATTEN(O$1:R37), 500, 0, -1)))"),434.0) -> 434 | I38: =IFERROR(__xludf.DUMMYFUNCTION("IF(D38="""","""",ROUND(XLOOKUP(D38, FLATTEN(B$1:E37), FLATTEN(O$1:R37), 500, 0, -1)))"),508.0) -> 508 | J38: =IFERROR(__xludf.DUMMYFUNCTION("IF(E38="""","""",ROUND(XLOOKUP(E38, FLATTEN(B$1:E37), FLATTEN(O$1:R37), 500, 0, -1)))"),454.0) -> 454 | K38: =IF(B38="","",ROUND((G38+H38)/2 - ((MAX(G38,H38)-MIN(G38,H38))^2)/1200,0)) -> 465 | L38: =IF(D38="","",ROUND((I38+J38)/2 - ((MAX(I38,J38)-MIN(I38,J38))^2)/1200,0)) -> 479 | M38: =IF(F38="","",ROUND(1 / (1 + 10^((L38-K38)/400)), 2)) -> 0.48 | N38: =IF(F38="","",ROUND(40 * (IF(F38=1, 1, 0) - M38),0)) -> 21 | O38: =IF(F38="","",ROUND(G38 + N38 + IF(F38=1, 3, 0),0)) -> 528 | P38: =IF(F38="","",ROUND(H38 + N38 + IF(F38=1, 3, 0),0)) -> 458 | Q38: =IF(F38="","",ROUND(I38 - N38 + IF(F38=2, 3, 0),0)) -> 487 | R38: =IF(F38="","",ROUND(J38 - N38 + IF(F38=2, 3, 0),0)) -> 433
A39: =IF(B39="","", ROW()-1) -> 38 | B39: Matos | C39: Gae | D39: Vesco | E39: Bonny | F39: 1 | G39: =IFERROR(__xludf.DUMMYFUNCTION("IF(B39="""","""",ROUND(XLOOKUP(B39, FLATTEN(B$1:E38), FLATTEN(O$1:R38), 500, 0, -1)))"),520.0) -> 520 | H39: =IFERROR(__xludf.DUMMYFUNCTION("IF(C39="""","""",ROUND(XLOOKUP(C39, FLATTEN(B$1:E38), FLATTEN(O$1:R38), 500, 0, -1)))"),546.0) -> 546 | I39: =IFERROR(__xludf.DUMMYFUNCTION("IF(D39="""","""",ROUND(XLOOKUP(D39, FLATTEN(B$1:E38), FLATTEN(O$1:R38), 500, 0, -1)))"),528.0) -> 528 | J39: =IFERROR(__xludf.DUMMYFUNCTION("IF(E39="""","""",ROUND(XLOOKUP(E39, FLATTEN(B$1:E38), FLATTEN(O$1:R38), 500, 0, -1)))"),458.0) -> 458 | K39: =IF(B39="","",ROUND((G39+H39)/2 - ((MAX(G39,H39)-MIN(G39,H39))^2)/1200,0)) -> 532 | L39: =IF(D39="","",ROUND((I39+J39)/2 - ((MAX(I39,J39)-MIN(I39,J39))^2)/1200,0)) -> 489 | M39: =IF(F39="","",ROUND(1 / (1 + 10^((L39-K39)/400)), 2)) -> 0.56 | N39: =IF(F39="","",ROUND(40 * (IF(F39=1, 1, 0) - M39),0)) -> 18 | O39: =IF(F39="","",ROUND(G39 + N39 + IF(F39=1, 3, 0),0)) -> 541 | P39: =IF(F39="","",ROUND(H39 + N39 + IF(F39=1, 3, 0),0)) -> 567 | Q39: =IF(F39="","",ROUND(I39 - N39 + IF(F39=2, 3, 0),0)) -> 510 | R39: =IF(F39="","",ROUND(J39 - N39 + IF(F39=2, 3, 0),0)) -> 440
A40: =IF(B40="","", ROW()-1) -> 39 | B40: Filli | C40: Paolo | D40: Matos | E40: Gae | F40: 1 | G40: =IFERROR(__xludf.DUMMYFUNCTION("IF(B40="""","""",ROUND(XLOOKUP(B40, FLATTEN(B$1:E39), FLATTEN(O$1:R39), 500, 0, -1)))"),487.0) -> 487 | H40: =IFERROR(__xludf.DUMMYFUNCTION("IF(C40="""","""",ROUND(XLOOKUP(C40, FLATTEN(B$1:E39), FLATTEN(O$1:R39), 500, 0, -1)))"),433.0) -> 433 | I40: =IFERROR(__xludf.DUMMYFUNCTION("IF(D40="""","""",ROUND(XLOOKUP(D40, FLATTEN(B$1:E39), FLATTEN(O$1:R39), 500, 0, -1)))"),541.0) -> 541 | J40: =IFERROR(__xludf.DUMMYFUNCTION("IF(E40="""","""",ROUND(XLOOKUP(E40, FLATTEN(B$1:E39), FLATTEN(O$1:R39), 500, 0, -1)))"),567.0) -> 567 | K40: =IF(B40="","",ROUND((G40+H40)/2 - ((MAX(G40,H40)-MIN(G40,H40))^2)/1200,0)) -> 458 | L40: =IF(D40="","",ROUND((I40+J40)/2 - ((MAX(I40,J40)-MIN(I40,J40))^2)/1200,0)) -> 553 | M40: =IF(F40="","",ROUND(1 / (1 + 10^((L40-K40)/400)), 2)) -> 0.37 | N40: =IF(F40="","",ROUND(40 * (IF(F40=1, 1, 0) - M40),0)) -> 25 | O40: =IF(F40="","",ROUND(G40 + N40 + IF(F40=1, 3, 0),0)) -> 515 | P40: =IF(F40="","",ROUND(H40 + N40 + IF(F40=1, 3, 0),0)) -> 461 | Q40: =IF(F40="","",ROUND(I40 - N40 + IF(F40=2, 3, 0),0)) -> 516 | R40: =IF(F40="","",ROUND(J40 - N40 + IF(F40=2, 3, 0),0)) -> 542
A41: =IF(B41="","", ROW()-1) -> 40 | B41: Filli | C41: Paolo | D41: Vesco | E41: Bonny | F41: 1 | G41: =IFERROR(__xludf.DUMMYFUNCTION("IF(B41="""","""",ROUND(XLOOKUP(B41, FLATTEN(B$1:E40), FLATTEN(O$1:R40), 500, 0, -1)))"),515.0) -> 515 | H41: =IFERROR(__xludf.DUMMYFUNCTION("IF(C41="""","""",ROUND(XLOOKUP(C41, FLATTEN(B$1:E40), FLATTEN(O$1:R40), 500, 0, -1)))"),461.0) -> 461 | I41: =IFERROR(__xludf.DUMMYFUNCTION("IF(D41="""","""",ROUND(XLOOKUP(D41, FLATTEN(B$1:E40), FLATTEN(O$1:R40), 500, 0, -1)))"),510.0) -> 510 | J41: =IFERROR(__xludf.DUMMYFUNCTION("IF(E41="""","""",ROUND(XLOOKUP(E41, FLATTEN(B$1:E40), FLATTEN(O$1:R40), 500, 0, -1)))"),440.0) -> 440 | K41: =IF(B41="","",ROUND((G41+H41)/2 - ((MAX(G41,H41)-MIN(G41,H41))^2)/1200,0)) -> 486 | L41: =IF(D41="","",ROUND((I41+J41)/2 - ((MAX(I41,J41)-MIN(I41,J41))^2)/1200,0)) -> 471 | M41: =IF(F41="","",ROUND(1 / (1 + 10^((L41-K41)/400)), 2)) -> 0.52 | N41: =IF(F41="","",ROUND(40 * (IF(F41=1, 1, 0) - M41),0)) -> 19 | O41: =IF(F41="","",ROUND(G41 + N41 + IF(F41=1, 3, 0),0)) -> 537 | P41: =IF(F41="","",ROUND(H41 + N41 + IF(F41=1, 3, 0),0)) -> 483 | Q41: =IF(F41="","",ROUND(I41 - N41 + IF(F41=2, 3, 0),0)) -> 491 | R41: =IF(F41="","",ROUND(J41 - N41 + IF(F41=2, 3, 0),0)) -> 421
A42: =IF(B42="","", ROW()-1) -> 41 | B42: Matos | C42: Gae | D42: Filli | E42: Paolo | F42: 1 | G42: =IFERROR(__xludf.DUMMYFUNCTION("IF(B42="""","""",ROUND(XLOOKUP(B42, FLATTEN(B$1:E41), FLATTEN(O$1:R41), 500, 0, -1)))"),516.0) -> 516 | H42: =IFERROR(__xludf.DUMMYFUNCTION("IF(C42="""","""",ROUND(XLOOKUP(C42, FLATTEN(B$1:E41), FLATTEN(O$1:R41), 500, 0, -1)))"),542.0) -> 542 | I42: =IFERROR(__xludf.DUMMYFUNCTION("IF(D42="""","""",ROUND(XLOOKUP(D42, FLATTEN(B$1:E41), FLATTEN(O$1:R41), 500, 0, -1)))"),537.0) -> 537 | J42: =IFERROR(__xludf.DUMMYFUNCTION("IF(E42="""","""",ROUND(XLOOKUP(E42, FLATTEN(B$1:E41), FLATTEN(O$1:R41), 500, 0, -1)))"),483.0) -> 483 | K42: =IF(B42="","",ROUND((G42+H42)/2 - ((MAX(G42,H42)-MIN(G42,H42))^2)/1200,0)) -> 528 | L42: =IF(D42="","",ROUND((I42+J42)/2 - ((MAX(I42,J42)-MIN(I42,J42))^2)/1200,0)) -> 508 | M42: =IF(F42="","",ROUND(1 / (1 + 10^((L42-K42)/400)), 2)) -> 0.53 | N42: =IF(F42="","",ROUND(40 * (IF(F42=1, 1, 0) - M42),0)) -> 19 | O42: =IF(F42="","",ROUND(G42 + N42 + IF(F42=1, 3, 0),0)) -> 538 | P42: =IF(F42="","",ROUND(H42 + N42 + IF(F42=1, 3, 0),0)) -> 564 | Q42: =IF(F42="","",ROUND(I42 - N42 + IF(F42=2, 3, 0),0)) -> 518 | R42: =IF(F42="","",ROUND(J42 - N42 + IF(F42=2, 3, 0),0)) -> 464
A43: =IF(B43="","", ROW()-1) -> 42 | B43: Matos | C43: Gae | D43: Vesco | E43: Bonny | F43: 1 | G43: =IFERROR(__xludf.DUMMYFUNCTION("IF(B43="""","""",ROUND(XLOOKUP(B43, FLATTEN(B$1:E42), FLATTEN(O$1:R42), 500, 0, -1)))"),538.0) -> 538 | H43: =IFERROR(__xludf.DUMMYFUNCTION("IF(C43="""","""",ROUND(XLOOKUP(C43, FLATTEN(B$1:E42), FLATTEN(O$1:R42), 500, 0, -1)))"),564.0) -> 564 | I43: =IFERROR(__xludf.DUMMYFUNCTION("IF(D43="""","""",ROUND(XLOOKUP(D43, FLATTEN(B$1:E42), FLATTEN(O$1:R42), 500, 0, -1)))"),491.0) -> 491 | J43: =IFERROR(__xludf.DUMMYFUNCTION("IF(E43="""","""",ROUND(XLOOKUP(E43, FLATTEN(B$1:E42), FLATTEN(O$1:R42), 500, 0, -1)))"),421.0) -> 421 | K43: =IF(B43="","",ROUND((G43+H43)/2 - ((MAX(G43,H43)-MIN(G43,H43))^2)/1200,0)) -> 550 | L43: =IF(D43="","",ROUND((I43+J43)/2 - ((MAX(I43,J43)-MIN(I43,J43))^2)/1200,0)) -> 452 | M43: =IF(F43="","",ROUND(1 / (1 + 10^((L43-K43)/400)), 2)) -> 0.64 | N43: =IF(F43="","",ROUND(40 * (IF(F43=1, 1, 0) - M43),0)) -> 14 | O43: =IF(F43="","",ROUND(G43 + N43 + IF(F43=1, 3, 0),0)) -> 555 | P43: =IF(F43="","",ROUND(H43 + N43 + IF(F43=1, 3, 0),0)) -> 581 | Q43: =IF(F43="","",ROUND(I43 - N43 + IF(F43=2, 3, 0),0)) -> 477 | R43: =IF(F43="","",ROUND(J43 - N43 + IF(F43=2, 3, 0),0)) -> 407
A44: =IF(B44="","", ROW()-1) -> 43 | B44: Filli | C44: Paolo | D44: Matos | E44: Gae | F44: 1 | G44: =IFERROR(__xludf.DUMMYFUNCTION("IF(B44="""","""",ROUND(XLOOKUP(B44, FLATTEN(B$1:E43), FLATTEN(O$1:R43), 500, 0, -1)))"),518.0) -> 518 | H44: =IFERROR(__xludf.DUMMYFUNCTION("IF(C44="""","""",ROUND(XLOOKUP(C44, FLATTEN(B$1:E43), FLATTEN(O$1:R43), 500, 0, -1)))"),464.0) -> 464 | I44: =IFERROR(__xludf.DUMMYFUNCTION("IF(D44="""","""",ROUND(XLOOKUP(D44, FLATTEN(B$1:E43), FLATTEN(O$1:R43), 500, 0, -1)))"),555.0) -> 555 | J44: =IFERROR(__xludf.DUMMYFUNCTION("IF(E44="""","""",ROUND(XLOOKUP(E44, FLATTEN(B$1:E43), FLATTEN(O$1:R43), 500, 0, -1)))"),581.0) -> 581 | K44: =IF(B44="","",ROUND((G44+H44)/2 - ((MAX(G44,H44)-MIN(G44,H44))^2)/1200,0)) -> 489 | L44: =IF(D44="","",ROUND((I44+J44)/2 - ((MAX(I44,J44)-MIN(I44,J44))^2)/1200,0)) -> 567 | M44: =IF(F44="","",ROUND(1 / (1 + 10^((L44-K44)/400)), 2)) -> 0.39 | N44: =IF(F44="","",ROUND(40 * (IF(F44=1, 1, 0) - M44),0)) -> 24 | O44: =IF(F44="","",ROUND(G44 + N44 + IF(F44=1, 3, 0),0)) -> 545 | P44: =IF(F44="","",ROUND(H44 + N44 + IF(F44=1, 3, 0),0)) -> 491 | Q44: =IF(F44="","",ROUND(I44 - N44 + IF(F44=2, 3, 0),0)) -> 531 | R44: =IF(F44="","",ROUND(J44 - N44 + IF(F44=2, 3, 0),0)) -> 557
A45: =IF(B45="","", ROW()-1) -> 44 | B45: Vesco | C45: Bonny | D45: Filli | E45: Paolo | F45: 1 | G45: =IFERROR(__xludf.DUMMYFUNCTION("IF(B45="""","""",ROUND(XLOOKUP(B45, FLATTEN(B$1:E44), FLATTEN(O$1:R44), 500, 0, -1)))"),477.0) -> 477 | H45: =IFERROR(__xludf.DUMMYFUNCTION("IF(C45="""","""",ROUND(XLOOKUP(C45, FLATTEN(B$1:E44), FLATTEN(O$1:R44), 500, 0, -1)))"),407.0) -> 407 | I45: =IFERROR(__xludf.DUMMYFUNCTION("IF(D45="""","""",ROUND(XLOOKUP(D45, FLATTEN(B$1:E44), FLATTEN(O$1:R44), 500, 0, -1)))"),545.0) -> 545 | J45: =IFERROR(__xludf.DUMMYFUNCTION("IF(E45="""","""",ROUND(XLOOKUP(E45, FLATTEN(B$1:E44), FLATTEN(O$1:R44), 500, 0, -1)))"),491.0) -> 491 | K45: =IF(B45="","",ROUND((G45+H45)/2 - ((MAX(G45,H45)-MIN(G45,H45))^2)/1200,0)) -> 438 | L45: =IF(D45="","",ROUND((I45+J45)/2 - ((MAX(I45,J45)-MIN(I45,J45))^2)/1200,0)) -> 516 | M45: =IF(F45="","",ROUND(1 / (1 + 10^((L45-K45)/400)), 2)) -> 0.39 | N45: =IF(F45="","",ROUND(40 * (IF(F45=1, 1, 0) - M45),0)) -> 24 | O45: =IF(F45="","",ROUND(G45 + N45 + IF(F45=1, 3, 0),0)) -> 504 | P45: =IF(F45="","",ROUND(H45 + N45 + IF(F45=1, 3, 0),0)) -> 434 | Q45: =IF(F45="","",ROUND(I45 - N45 + IF(F45=2, 3, 0),0)) -> 521 | R45: =IF(F45="","",ROUND(J45 - N45 + IF(F45=2, 3, 0),0)) -> 467
A46: =IF(B46="","", ROW()-1) -> 45 | B46: Matos | C46: Gae | D46: Vesco | E46: Bonny | F46: 1 | G46: =IFERROR(__xludf.DUMMYFUNCTION("IF(B46="""","""",ROUND(XLOOKUP(B46, FLATTEN(B$1:E45), FLATTEN(O$1:R45), 500, 0, -1)))"),531.0) -> 531 | H46: =IFERROR(__xludf.DUMMYFUNCTION("IF(C46="""","""",ROUND(XLOOKUP(C46, FLATTEN(B$1:E45), FLATTEN(O$1:R45), 500, 0, -1)))"),557.0) -> 557 | I46: =IFERROR(__xludf.DUMMYFUNCTION("IF(D46="""","""",ROUND(XLOOKUP(D46, FLATTEN(B$1:E45), FLATTEN(O$1:R45), 500, 0, -1)))"),504.0) -> 504 | J46: =IFERROR(__xludf.DUMMYFUNCTION("IF(E46="""","""",ROUND(XLOOKUP(E46, FLATTEN(B$1:E45), FLATTEN(O$1:R45), 500, 0, -1)))"),434.0) -> 434 | K46: =IF(B46="","",ROUND((G46+H46)/2 - ((MAX(G46,H46)-MIN(G46,H46))^2)/1200,0)) -> 543 | L46: =IF(D46="","",ROUND((I46+J46)/2 - ((MAX(I46,J46)-MIN(I46,J46))^2)/1200,0)) -> 465 | M46: =IF(F46="","",ROUND(1 / (1 + 10^((L46-K46)/400)), 2)) -> 0.61 | N46: =IF(F46="","",ROUND(40 * (IF(F46=1, 1, 0) - M46),0)) -> 16 | O46: =IF(F46="","",ROUND(G46 + N46 + IF(F46=1, 3, 0),0)) -> 550 | P46: =IF(F46="","",ROUND(H46 + N46 + IF(F46=1, 3, 0),0)) -> 576 | Q46: =IF(F46="","",ROUND(I46 - N46 + IF(F46=2, 3, 0),0)) -> 488 | R46: =IF(F46="","",ROUND(J46 - N46 + IF(F46=2, 3, 0),0)) -> 418
A47: =IF(B47="","", ROW()-1) -> 46 | B47: Gae | C47: Filli | D47: Paolo | E47: Riki | F47: 1 | G47: =IFERROR(__xludf.DUMMYFUNCTION("IF(B47="""","""",ROUND(XLOOKUP(B47, FLATTEN(B$1:E46), FLATTEN(O$1:R46), 500, 0, -1)))"),576.0) -> 576 | H47: =IFERROR(__xludf.DUMMYFUNCTION("IF(C47="""","""",ROUND(XLOOKUP(C47, FLATTEN(B$1:E46), FLATTEN(O$1:R46), 500, 0, -1)))"),521.0) -> 521 | I47: =IFERROR(__xludf.DUMMYFUNCTION("IF(D47="""","""",ROUND(XLOOKUP(D47, FLATTEN(B$1:E46), FLATTEN(O$1:R46), 500, 0, -1)))"),467.0) -> 467 | J47: =IFERROR(__xludf.DUMMYFUNCTION("IF(E47="""","""",ROUND(XLOOKUP(E47, FLATTEN(B$1:E46), FLATTEN(O$1:R46), 500, 0, -1)))"),525.0) -> 525 | K47: =IF(B47="","",ROUND((G47+H47)/2 - ((MAX(G47,H47)-MIN(G47,H47))^2)/1200,0)) -> 546 | L47: =IF(D47="","",ROUND((I47+J47)/2 - ((MAX(I47,J47)-MIN(I47,J47))^2)/1200,0)) -> 493 | M47: =IF(F47="","",ROUND(1 / (1 + 10^((L47-K47)/400)), 2)) -> 0.58 | N47: =IF(F47="","",ROUND(40 * (IF(F47=1, 1, 0) - M47),0)) -> 17 | O47: =IF(F47="","",ROUND(G47 + N47 + IF(F47=1, 3, 0),0)) -> 596 | P47: =IF(F47="","",ROUND(H47 + N47 + IF(F47=1, 3, 0),0)) -> 541 | Q47: =IF(F47="","",ROUND(I47 - N47 + IF(F47=2, 3, 0),0)) -> 450 | R47: =IF(F47="","",ROUND(J47 - N47 + IF(F47=2, 3, 0),0)) -> 508
A48: =IF(B48="","", ROW()-1) -> 47 | B48: Gae | C48: Filli | D48: Matos | E48: Bonny | F48: 1 | G48: =IFERROR(__xludf.DUMMYFUNCTION("IF(B48="""","""",ROUND(XLOOKUP(B48, FLATTEN(B$1:E47), FLATTEN(O$1:R47), 500, 0, -1)))"),596.0) -> 596 | H48: =IFERROR(__xludf.DUMMYFUNCTION("IF(C48="""","""",ROUND(XLOOKUP(C48, FLATTEN(B$1:E47), FLATTEN(O$1:R47), 500, 0, -1)))"),541.0) -> 541 | I48: =IFERROR(__xludf.DUMMYFUNCTION("IF(D48="""","""",ROUND(XLOOKUP(D48, FLATTEN(B$1:E47), FLATTEN(O$1:R47), 500, 0, -1)))"),550.0) -> 550 | J48: =IFERROR(__xludf.DUMMYFUNCTION("IF(E48="""","""",ROUND(XLOOKUP(E48, FLATTEN(B$1:E47), FLATTEN(O$1:R47), 500, 0, -1)))"),418.0) -> 418 | K48: =IF(B48="","",ROUND((G48+H48)/2 - ((MAX(G48,H48)-MIN(G48,H48))^2)/1200,0)) -> 566 | L48: =IF(D48="","",ROUND((I48+J48)/2 - ((MAX(I48,J48)-MIN(I48,J48))^2)/1200,0)) -> 469 | M48: =IF(F48="","",ROUND(1 / (1 + 10^((L48-K48)/400)), 2)) -> 0.64 | N48: =IF(F48="","",ROUND(40 * (IF(F48=1, 1, 0) - M48),0)) -> 14 | O48: =IF(F48="","",ROUND(G48 + N48 + IF(F48=1, 3, 0),0)) -> 613 | P48: =IF(F48="","",ROUND(H48 + N48 + IF(F48=1, 3, 0),0)) -> 558 | Q48: =IF(F48="","",ROUND(I48 - N48 + IF(F48=2, 3, 0),0)) -> 536 | R48: =IF(F48="","",ROUND(J48 - N48 + IF(F48=2, 3, 0),0)) -> 404
A49: =IF(B49="","", ROW()-1) -> 48 | B49: Gae | C49: Filli | D49: Paolo | E49: Riki | F49: 1 | G49: =IFERROR(__xludf.DUMMYFUNCTION("IF(B49="""","""",ROUND(XLOOKUP(B49, FLATTEN(B$1:E48), FLATTEN(O$1:R48), 500, 0, -1)))"),613.0) -> 613 | H49: =IFERROR(__xludf.DUMMYFUNCTION("IF(C49="""","""",ROUND(XLOOKUP(C49, FLATTEN(B$1:E48), FLATTEN(O$1:R48), 500, 0, -1)))"),558.0) -> 558 | I49: =IFERROR(__xludf.DUMMYFUNCTION("IF(D49="""","""",ROUND(XLOOKUP(D49, FLATTEN(B$1:E48), FLATTEN(O$1:R48), 500, 0, -1)))"),450.0) -> 450 | J49: =IFERROR(__xludf.DUMMYFUNCTION("IF(E49="""","""",ROUND(XLOOKUP(E49, FLATTEN(B$1:E48), FLATTEN(O$1:R48), 500, 0, -1)))"),508.0) -> 508 | K49: =IF(B49="","",ROUND((G49+H49)/2 - ((MAX(G49,H49)-MIN(G49,H49))^2)/1200,0)) -> 583 | L49: =IF(D49="","",ROUND((I49+J49)/2 - ((MAX(I49,J49)-MIN(I49,J49))^2)/1200,0)) -> 476 | M49: =IF(F49="","",ROUND(1 / (1 + 10^((L49-K49)/400)), 2)) -> 0.65 | N49: =IF(F49="","",ROUND(40 * (IF(F49=1, 1, 0) - M49),0)) -> 14 | O49: =IF(F49="","",ROUND(G49 + N49 + IF(F49=1, 3, 0),0)) -> 630 | P49: =IF(F49="","",ROUND(H49 + N49 + IF(F49=1, 3, 0),0)) -> 575 | Q49: =IF(F49="","",ROUND(I49 - N49 + IF(F49=2, 3, 0),0)) -> 436 | R49: =IF(F49="","",ROUND(J49 - N49 + IF(F49=2, 3, 0),0)) -> 494
A50: =IF(B50="","", ROW()-1) -> 49 | B50: Matos | C50: Bonny | D50: Gae | E50: Filli | F50: 1 | G50: =IFERROR(__xludf.DUMMYFUNCTION("IF(B50="""","""",ROUND(XLOOKUP(B50, FLATTEN(B$1:E49), FLATTEN(O$1:R49), 500, 0, -1)))"),536.0) -> 536 | H50: =IFERROR(__xludf.DUMMYFUNCTION("IF(C50="""","""",ROUND(XLOOKUP(C50, FLATTEN(B$1:E49), FLATTEN(O$1:R49), 500, 0, -1)))"),404.0) -> 404 | I50: =IFERROR(__xludf.DUMMYFUNCTION("IF(D50="""","""",ROUND(XLOOKUP(D50, FLATTEN(B$1:E49), FLATTEN(O$1:R49), 500, 0, -1)))"),630.0) -> 630 | J50: =IFERROR(__xludf.DUMMYFUNCTION("IF(E50="""","""",ROUND(XLOOKUP(E50, FLATTEN(B$1:E49), FLATTEN(O$1:R49), 500, 0, -1)))"),575.0) -> 575 | K50: =IF(B50="","",ROUND((G50+H50)/2 - ((MAX(G50,H50)-MIN(G50,H50))^2)/1200,0)) -> 455 | L50: =IF(D50="","",ROUND((I50+J50)/2 - ((MAX(I50,J50)-MIN(I50,J50))^2)/1200,0)) -> 600 | M50: =IF(F50="","",ROUND(1 / (1 + 10^((L50-K50)/400)), 2)) -> 0.3 | N50: =IF(F50="","",ROUND(40 * (IF(F50=1, 1, 0) - M50),0)) -> 28 | O50: =IF(F50="","",ROUND(G50 + N50 + IF(F50=1, 3, 0),0)) -> 567 | P50: =IF(F50="","",ROUND(H50 + N50 + IF(F50=1, 3, 0),0)) -> 435 | Q50: =IF(F50="","",ROUND(I50 - N50 + IF(F50=2, 3, 0),0)) -> 602 | R50: =IF(F50="","",ROUND(J50 - N50 + IF(F50=2, 3, 0),0)) -> 547
A51: =IF(B51="","", ROW()-1) -> 50 | B51: Gae | C51: Filli | D51: Matos | E51: Bonny | F51: 1 | G51: =IFERROR(__xludf.DUMMYFUNCTION("IF(B51="""","""",ROUND(XLOOKUP(B51, FLATTEN(B$1:E50), FLATTEN(O$1:R50), 500, 0, -1)))"),602.0) -> 602 | H51: =IFERROR(__xludf.DUMMYFUNCTION("IF(C51="""","""",ROUND(XLOOKUP(C51, FLATTEN(B$1:E50), FLATTEN(O$1:R50), 500, 0, -1)))"),547.0) -> 547 | I51: =IFERROR(__xludf.DUMMYFUNCTION("IF(D51="""","""",ROUND(XLOOKUP(D51, FLATTEN(B$1:E50), FLATTEN(O$1:R50), 500, 0, -1)))"),567.0) -> 567 | J51: =IFERROR(__xludf.DUMMYFUNCTION("IF(E51="""","""",ROUND(XLOOKUP(E51, FLATTEN(B$1:E50), FLATTEN(O$1:R50), 500, 0, -1)))"),435.0) -> 435 | K51: =IF(B51="","",ROUND((G51+H51)/2 - ((MAX(G51,H51)-MIN(G51,H51))^2)/1200,0)) -> 572 | L51: =IF(D51="","",ROUND((I51+J51)/2 - ((MAX(I51,J51)-MIN(I51,J51))^2)/1200,0)) -> 486 | M51: =IF(F51="","",ROUND(1 / (1 + 10^((L51-K51)/400)), 2)) -> 0.62 | N51: =IF(F51="","",ROUND(40 * (IF(F51=1, 1, 0) - M51),0)) -> 15 | O51: =IF(F51="","",ROUND(G51 + N51 + IF(F51=1, 3, 0),0)) -> 620 | P51: =IF(F51="","",ROUND(H51 + N51 + IF(F51=1, 3, 0),0)) -> 565 | Q51: =IF(F51="","",ROUND(I51 - N51 + IF(F51=2, 3, 0),0)) -> 552 | R51: =IF(F51="","",ROUND(J51 - N51 + IF(F51=2, 3, 0),0)) -> 420
A52: =IF(B52="","", ROW()-1) -> 51 | B52: Paolo | C52: Riki | D52: Gae | E52: Filli | F52: 1 | G52: =IFERROR(__xludf.DUMMYFUNCTION("IF(B52="""","""",ROUND(XLOOKUP(B52, FLATTEN(B$1:E51), FLATTEN(O$1:R51), 500, 0, -1)))"),436.0) -> 436 | H52: =IFERROR(__xludf.DUMMYFUNCTION("IF(C52="""","""",ROUND(XLOOKUP(C52, FLATTEN(B$1:E51), FLATTEN(O$1:R51), 500, 0, -1)))"),494.0) -> 494 | I52: =IFERROR(__xludf.DUMMYFUNCTION("IF(D52="""","""",ROUND(XLOOKUP(D52, FLATTEN(B$1:E51), FLATTEN(O$1:R51), 500, 0, -1)))"),620.0) -> 620 | J52: =IFERROR(__xludf.DUMMYFUNCTION("IF(E52="""","""",ROUND(XLOOKUP(E52, FLATTEN(B$1:E51), FLATTEN(O$1:R51), 500, 0, -1)))"),565.0) -> 565 | K52: =IF(B52="","",ROUND((G52+H52)/2 - ((MAX(G52,H52)-MIN(G52,H52))^2)/1200,0)) -> 462 | L52: =IF(D52="","",ROUND((I52+J52)/2 - ((MAX(I52,J52)-MIN(I52,J52))^2)/1200,0)) -> 590 | M52: =IF(F52="","",ROUND(1 / (1 + 10^((L52-K52)/400)), 2)) -> 0.32 | N52: =IF(F52="","",ROUND(40 * (IF(F52=1, 1, 0) - M52),0)) -> 27 | O52: =IF(F52="","",ROUND(G52 + N52 + IF(F52=1, 3, 0),0)) -> 466 | P52: =IF(F52="","",ROUND(H52 + N52 + IF(F52=1, 3, 0),0)) -> 524 | Q52: =IF(F52="","",ROUND(I52 - N52 + IF(F52=2, 3, 0),0)) -> 593 | R52: =IF(F52="","",ROUND(J52 - N52 + IF(F52=2, 3, 0),0)) -> 538
A53: =IF(B53="","", ROW()-1) -> 52 | B53: Paolo | C53: Riki | D53: Matos | E53: Bonny | F53: 1 | G53: =IFERROR(__xludf.DUMMYFUNCTION("IF(B53="""","""",ROUND(XLOOKUP(B53, FLATTEN(B$1:E52), FLATTEN(O$1:R52), 500, 0, -1)))"),466.0) -> 466 | H53: =IFERROR(__xludf.DUMMYFUNCTION("IF(C53="""","""",ROUND(XLOOKUP(C53, FLATTEN(B$1:E52), FLATTEN(O$1:R52), 500, 0, -1)))"),524.0) -> 524 | I53: =IFERROR(__xludf.DUMMYFUNCTION("IF(D53="""","""",ROUND(XLOOKUP(D53, FLATTEN(B$1:E52), FLATTEN(O$1:R52), 500, 0, -1)))"),552.0) -> 552 | J53: =IFERROR(__xludf.DUMMYFUNCTION("IF(E53="""","""",ROUND(XLOOKUP(E53, FLATTEN(B$1:E52), FLATTEN(O$1:R52), 500, 0, -1)))"),420.0) -> 420 | K53: =IF(B53="","",ROUND((G53+H53)/2 - ((MAX(G53,H53)-MIN(G53,H53))^2)/1200,0)) -> 492 | L53: =IF(D53="","",ROUND((I53+J53)/2 - ((MAX(I53,J53)-MIN(I53,J53))^2)/1200,0)) -> 471 | M53: =IF(F53="","",ROUND(1 / (1 + 10^((L53-K53)/400)), 2)) -> 0.53 | N53: =IF(F53="","",ROUND(40 * (IF(F53=1, 1, 0) - M53),0)) -> 19 | O53: =IF(F53="","",ROUND(G53 + N53 + IF(F53=1, 3, 0),0)) -> 488 | P53: =IF(F53="","",ROUND(H53 + N53 + IF(F53=1, 3, 0),0)) -> 546 | Q53: =IF(F53="","",ROUND(I53 - N53 + IF(F53=2, 3, 0),0)) -> 533 | R53: =IF(F53="","",ROUND(J53 - N53 + IF(F53=2, 3, 0),0)) -> 401
A54: =IF(B54="","", ROW()-1) -> 53 | B54: Gae | C54: Filli | D54: Paolo | E54: Riki | F54: 1 | G54: =IFERROR(__xludf.DUMMYFUNCTION("IF(B54="""","""",ROUND(XLOOKUP(B54, FLATTEN(B$1:E53), FLATTEN(O$1:R53), 500, 0, -1)))"),593.0) -> 593 | H54: =IFERROR(__xludf.DUMMYFUNCTION("IF(C54="""","""",ROUND(XLOOKUP(C54, FLATTEN(B$1:E53), FLATTEN(O$1:R53), 500, 0, -1)))"),538.0) -> 538 | I54: =IFERROR(__xludf.DUMMYFUNCTION("IF(D54="""","""",ROUND(XLOOKUP(D54, FLATTEN(B$1:E53), FLATTEN(O$1:R53), 500, 0, -1)))"),488.0) -> 488 | J54: =IFERROR(__xludf.DUMMYFUNCTION("IF(E54="""","""",ROUND(XLOOKUP(E54, FLATTEN(B$1:E53), FLATTEN(O$1:R53), 500, 0, -1)))"),546.0) -> 546 | K54: =IF(B54="","",ROUND((G54+H54)/2 - ((MAX(G54,H54)-MIN(G54,H54))^2)/1200,0)) -> 563 | L54: =IF(D54="","",ROUND((I54+J54)/2 - ((MAX(I54,J54)-MIN(I54,J54))^2)/1200,0)) -> 514 | M54: =IF(F54="","",ROUND(1 / (1 + 10^((L54-K54)/400)), 2)) -> 0.57 | N54: =IF(F54="","",ROUND(40 * (IF(F54=1, 1, 0) - M54),0)) -> 17 | O54: =IF(F54="","",ROUND(G54 + N54 + IF(F54=1, 3, 0),0)) -> 613 | P54: =IF(F54="","",ROUND(H54 + N54 + IF(F54=1, 3, 0),0)) -> 558 | Q54: =IF(F54="","",ROUND(I54 - N54 + IF(F54=2, 3, 0),0)) -> 471 | R54: =IF(F54="","",ROUND(J54 - N54 + IF(F54=2, 3, 0),0)) -> 529
A55: =IF(B55="","", ROW()-1) -> 54 | B55: Matos | C55: Bonny | D55: Gae | E55: Filli | F55: 1 | G55: =IFERROR(__xludf.DUMMYFUNCTION("IF(B55="""","""",ROUND(XLOOKUP(B55, FLATTEN(B$1:E54), FLATTEN(O$1:R54), 500, 0, -1)))"),533.0) -> 533 | H55: =IFERROR(__xludf.DUMMYFUNCTION("IF(C55="""","""",ROUND(XLOOKUP(C55, FLATTEN(B$1:E54), FLATTEN(O$1:R54), 500, 0, -1)))"),401.0) -> 401 | I55: =IFERROR(__xludf.DUMMYFUNCTION("IF(D55="""","""",ROUND(XLOOKUP(D55, FLATTEN(B$1:E54), FLATTEN(O$1:R54), 500, 0, -1)))"),613.0) -> 613 | J55: =IFERROR(__xludf.DUMMYFUNCTION("IF(E55="""","""",ROUND(XLOOKUP(E55, FLATTEN(B$1:E54), FLATTEN(O$1:R54), 500, 0, -1)))"),558.0) -> 558 | K55: =IF(B55="","",ROUND((G55+H55)/2 - ((MAX(G55,H55)-MIN(G55,H55))^2)/1200,0)) -> 452 | L55: =IF(D55="","",ROUND((I55+J55)/2 - ((MAX(I55,J55)-MIN(I55,J55))^2)/1200,0)) -> 583 | M55: =IF(F55="","",ROUND(1 / (1 + 10^((L55-K55)/400)), 2)) -> 0.32 | N55: =IF(F55="","",ROUND(40 * (IF(F55=1, 1, 0) - M55),0)) -> 27 | O55: =IF(F55="","",ROUND(G55 + N55 + IF(F55=1, 3, 0),0)) -> 563 | P55: =IF(F55="","",ROUND(H55 + N55 + IF(F55=1, 3, 0),0)) -> 431 | Q55: =IF(F55="","",ROUND(I55 - N55 + IF(F55=2, 3, 0),0)) -> 586 | R55: =IF(F55="","",ROUND(J55 - N55 + IF(F55=2, 3, 0),0)) -> 531
A56: =IF(B56="","", ROW()-1) -> 55 | B56: Riki | C56: Vesco | D56: Gae | E56: Paolo | F56: 1 | G56: =IFERROR(__xludf.DUMMYFUNCTION("IF(B56="""","""",ROUND(XLOOKUP(B56, FLATTEN(B$1:E55), FLATTEN(O$1:R55), 500, 0, -1)))"),529.0) -> 529 | H56: =IFERROR(__xludf.DUMMYFUNCTION("IF(C56="""","""",ROUND(XLOOKUP(C56, FLATTEN(B$1:E55), FLATTEN(O$1:R55), 500, 0, -1)))"),488.0) -> 488 | I56: =IFERROR(__xludf.DUMMYFUNCTION("IF(D56="""","""",ROUND(XLOOKUP(D56, FLATTEN(B$1:E55), FLATTEN(O$1:R55), 500, 0, -1)))"),586.0) -> 586 | J56: =IFERROR(__xludf.DUMMYFUNCTION("IF(E56="""","""",ROUND(XLOOKUP(E56, FLATTEN(B$1:E55), FLATTEN(O$1:R55), 500, 0, -1)))"),471.0) -> 471 | K56: =IF(B56="","",ROUND((G56+H56)/2 - ((MAX(G56,H56)-MIN(G56,H56))^2)/1200,0)) -> 507 | L56: =IF(D56="","",ROUND((I56+J56)/2 - ((MAX(I56,J56)-MIN(I56,J56))^2)/1200,0)) -> 517 | M56: =IF(F56="","",ROUND(1 / (1 + 10^((L56-K56)/400)), 2)) -> 0.49 | N56: =IF(F56="","",ROUND(40 * (IF(F56=1, 1, 0) - M56),0)) -> 20 | O56: =IF(F56="","",ROUND(G56 + N56 + IF(F56=1, 3, 0),0)) -> 552 | P56: =IF(F56="","",ROUND(H56 + N56 + IF(F56=1, 3, 0),0)) -> 511 | Q56: =IF(F56="","",ROUND(I56 - N56 + IF(F56=2, 3, 0),0)) -> 566 | R56: =IF(F56="","",ROUND(J56 - N56 + IF(F56=2, 3, 0),0)) -> 451
A57: =IF(B57="","", ROW()-1) -> 56 | B57: Riki | C57: Vesco | D57: Francia | E57: Vezzo | F57: 1 | G57: =IFERROR(__xludf.DUMMYFUNCTION("IF(B57="""","""",ROUND(XLOOKUP(B57, FLATTEN(B$1:E56), FLATTEN(O$1:R56), 500, 0, -1)))"),552.0) -> 552 | H57: =IFERROR(__xludf.DUMMYFUNCTION("IF(C57="""","""",ROUND(XLOOKUP(C57, FLATTEN(B$1:E56), FLATTEN(O$1:R56), 500, 0, -1)))"),511.0) -> 511 | I57: =IFERROR(__xludf.DUMMYFUNCTION("IF(D57="""","""",ROUND(XLOOKUP(D57, FLATTEN(B$1:E56), FLATTEN(O$1:R56), 500, 0, -1)))"),617.0) -> 617 | J57: =IFERROR(__xludf.DUMMYFUNCTION("IF(E57="""","""",ROUND(XLOOKUP(E57, FLATTEN(B$1:E56), FLATTEN(O$1:R56), 500, 0, -1)))"),500.0) -> 500 | K57: =IF(B57="","",ROUND((G57+H57)/2 - ((MAX(G57,H57)-MIN(G57,H57))^2)/1200,0)) -> 530 | L57: =IF(D57="","",ROUND((I57+J57)/2 - ((MAX(I57,J57)-MIN(I57,J57))^2)/1200,0)) -> 547 | M57: =IF(F57="","",ROUND(1 / (1 + 10^((L57-K57)/400)), 2)) -> 0.48 | N57: =IF(F57="","",ROUND(40 * (IF(F57=1, 1, 0) - M57),0)) -> 21 | O57: =IF(F57="","",ROUND(G57 + N57 + IF(F57=1, 3, 0),0)) -> 576 | P57: =IF(F57="","",ROUND(H57 + N57 + IF(F57=1, 3, 0),0)) -> 535 | Q57: =IF(F57="","",ROUND(I57 - N57 + IF(F57=2, 3, 0),0)) -> 596 | R57: =IF(F57="","",ROUND(J57 - N57 + IF(F57=2, 3, 0),0)) -> 479
A58: =IF(B58="","", ROW()-1) -> 57 | B58: Gae | C58: Paolo | D58: Riki | E58: Vesco | F58: 1 | G58: =IFERROR(__xludf.DUMMYFUNCTION("IF(B58="""","""",ROUND(XLOOKUP(B58, FLATTEN(B$1:E57), FLATTEN(O$1:R57), 500, 0, -1)))"),566.0) -> 566 | H58: =IFERROR(__xludf.DUMMYFUNCTION("IF(C58="""","""",ROUND(XLOOKUP(C58, FLATTEN(B$1:E57), FLATTEN(O$1:R57), 500, 0, -1)))"),451.0) -> 451 | I58: =IFERROR(__xludf.DUMMYFUNCTION("IF(D58="""","""",ROUND(XLOOKUP(D58, FLATTEN(B$1:E57), FLATTEN(O$1:R57), 500, 0, -1)))"),576.0) -> 576 | J58: =IFERROR(__xludf.DUMMYFUNCTION("IF(E58="""","""",ROUND(XLOOKUP(E58, FLATTEN(B$1:E57), FLATTEN(O$1:R57), 500, 0, -1)))"),535.0) -> 535 | K58: =IF(B58="","",ROUND((G58+H58)/2 - ((MAX(G58,H58)-MIN(G58,H58))^2)/1200,0)) -> 497 | L58: =IF(D58="","",ROUND((I58+J58)/2 - ((MAX(I58,J58)-MIN(I58,J58))^2)/1200,0)) -> 554 | M58: =IF(F58="","",ROUND(1 / (1 + 10^((L58-K58)/400)), 2)) -> 0.42 | N58: =IF(F58="","",ROUND(40 * (IF(F58=1, 1, 0) - M58),0)) -> 23 | O58: =IF(F58="","",ROUND(G58 + N58 + IF(F58=1, 3, 0),0)) -> 592 | P58: =IF(F58="","",ROUND(H58 + N58 + IF(F58=1, 3, 0),0)) -> 477 | Q58: =IF(F58="","",ROUND(I58 - N58 + IF(F58=2, 3, 0),0)) -> 553 | R58: =IF(F58="","",ROUND(J58 - N58 + IF(F58=2, 3, 0),0)) -> 512
A59: =IF(B59="","", ROW()-1) -> 58 | B59: Francia | C59: Vezzo | D59: Gae | E59: Paolo | F59: 1 | G59: =IFERROR(__xludf.DUMMYFUNCTION("IF(B59="""","""",ROUND(XLOOKUP(B59, FLATTEN(B$1:E58), FLATTEN(O$1:R58), 500, 0, -1)))"),596.0) -> 596 | H59: =IFERROR(__xludf.DUMMYFUNCTION("IF(C59="""","""",ROUND(XLOOKUP(C59, FLATTEN(B$1:E58), FLATTEN(O$1:R58), 500, 0, -1)))"),479.0) -> 479 | I59: =IFERROR(__xludf.DUMMYFUNCTION("IF(D59="""","""",ROUND(XLOOKUP(D59, FLATTEN(B$1:E58), FLATTEN(O$1:R58), 500, 0, -1)))"),592.0) -> 592 | J59: =IFERROR(__xludf.DUMMYFUNCTION("IF(E59="""","""",ROUND(XLOOKUP(E59, FLATTEN(B$1:E58), FLATTEN(O$1:R58), 500, 0, -1)))"),477.0) -> 477 | K59: =IF(B59="","",ROUND((G59+H59)/2 - ((MAX(G59,H59)-MIN(G59,H59))^2)/1200,0)) -> 526 | L59: =IF(D59="","",ROUND((I59+J59)/2 - ((MAX(I59,J59)-MIN(I59,J59))^2)/1200,0)) -> 523 | M59: =IF(F59="","",ROUND(1 / (1 + 10^((L59-K59)/400)), 2)) -> 0.5 | N59: =IF(F59="","",ROUND(40 * (IF(F59=1, 1, 0) - M59),0)) -> 20 | O59: =IF(F59="","",ROUND(G59 + N59 + IF(F59=1, 3, 0),0)) -> 619 | P59: =IF(F59="","",ROUND(H59 + N59 + IF(F59=1, 3, 0),0)) -> 502 | Q59: =IF(F59="","",ROUND(I59 - N59 + IF(F59=2, 3, 0),0)) -> 572 | R59: =IF(F59="","",ROUND(J59 - N59 + IF(F59=2, 3, 0),0)) -> 457
A60: =IF(B60="","", ROW()-1) -> 59 | B60: Vesco | C60: Matos | D60: Gae | E60: Gae | F60: 1 | G60: =IFERROR(__xludf.DUMMYFUNCTION("IF(B60="""","""",ROUND(XLOOKUP(B60, FLATTEN(B$1:E59), FLATTEN(O$1:R59), 500, 0, -1)))"),512.0) -> 512 | H60: =IFERROR(__xludf.DUMMYFUNCTION("IF(C60="""","""",ROUND(XLOOKUP(C60, FLATTEN(B$1:E59), FLATTEN(O$1:R59), 500, 0, -1)))"),563.0) -> 563 | I60: =IFERROR(__xludf.DUMMYFUNCTION("IF(D60="""","""",ROUND(XLOOKUP(D60, FLATTEN(B$1:E59), FLATTEN(O$1:R59), 500, 0, -1)))"),572.0) -> 572 | J60: =IFERROR(__xludf.DUMMYFUNCTION("IF(E60="""","""",ROUND(XLOOKUP(E60, FLATTEN(B$1:E59), FLATTEN(O$1:R59), 500, 0, -1)))"),572.0) -> 572 | K60: =IF(B60="","",ROUND((G60+H60)/2 - ((MAX(G60,H60)-MIN(G60,H60))^2)/1200,0)) -> 535 | L60: =IF(D60="","",ROUND((I60+J60)/2 - ((MAX(I60,J60)-MIN(I60,J60))^2)/1200,0)) -> 572 | M60: =IF(F60="","",ROUND(1 / (1 + 10^((L60-K60)/400)), 2)) -> 0.45 | N60: =IF(F60="","",ROUND(40 * (IF(F60=1, 1, 0) - M60),0)) -> 22 | O60: =IF(F60="","",ROUND(G60 + N60 + IF(F60=1, 3, 0),0)) -> 537 | P60: =IF(F60="","",ROUND(H60 + N60 + IF(F60=1, 3, 0),0)) -> 588 | Q60: =IF(F60="","",ROUND(I60 - N60 + IF(F60=2, 3, 0),0)) -> 550 | R60: =IF(F60="","",ROUND(J60 - N60 + IF(F60=2, 3, 0),0)) -> 550
A61: =IF(B61="","", ROW()-1) -> 60 | B61: Filli | C61: Francia | D61: Paolo | E61: Bonny | F61: 1 | G61: =IFERROR(__xludf.DUMMYFUNCTION("IF(B61="""","""",ROUND(XLOOKUP(B61, FLATTEN(B$1:E60), FLATTEN(O$1:R60), 500, 0, -1)))"),531.0) -> 531 | H61: =IFERROR(__xludf.DUMMYFUNCTION("IF(C61="""","""",ROUND(XLOOKUP(C61, FLATTEN(B$1:E60), FLATTEN(O$1:R60), 500, 0, -1)))"),619.0) -> 619 | I61: =IFERROR(__xludf.DUMMYFUNCTION("IF(D61="""","""",ROUND(XLOOKUP(D61, FLATTEN(B$1:E60), FLATTEN(O$1:R60), 500, 0, -1)))"),457.0) -> 457 | J61: =IFERROR(__xludf.DUMMYFUNCTION("IF(E61="""","""",ROUND(XLOOKUP(E61, FLATTEN(B$1:E60), FLATTEN(O$1:R60), 500, 0, -1)))"),431.0) -> 431 | K61: =IF(B61="","",ROUND((G61+H61)/2 - ((MAX(G61,H61)-MIN(G61,H61))^2)/1200,0)) -> 569 | L61: =IF(D61="","",ROUND((I61+J61)/2 - ((MAX(I61,J61)-MIN(I61,J61))^2)/1200,0)) -> 443 | M61: =IF(F61="","",ROUND(1 / (1 + 10^((L61-K61)/400)), 2)) -> 0.67 | N61: =IF(F61="","",ROUND(40 * (IF(F61=1, 1, 0) - M61),0)) -> 13 | O61: =IF(F61="","",ROUND(G61 + N61 + IF(F61=1, 3, 0),0)) -> 547 | P61: =IF(F61="","",ROUND(H61 + N61 + IF(F61=1, 3, 0),0)) -> 635 | Q61: =IF(F61="","",ROUND(I61 - N61 + IF(F61=2, 3, 0),0)) -> 444 | R61: =IF(F61="","",ROUND(J61 - N61 + IF(F61=2, 3, 0),0)) -> 418
A62: =IF(B62="","", ROW()-1) -> 61 | B62: Paolo | C62: Bonny | D62: Gae | E62: Gae | F62: 1 | G62: =IFERROR(__xludf.DUMMYFUNCTION("IF(B62="""","""",ROUND(XLOOKUP(B62, FLATTEN(B$1:E61), FLATTEN(O$1:R61), 500, 0, -1)))"),444.0) -> 444 | H62: =IFERROR(__xludf.DUMMYFUNCTION("IF(C62="""","""",ROUND(XLOOKUP(C62, FLATTEN(B$1:E61), FLATTEN(O$1:R61), 500, 0, -1)))"),418.0) -> 418 | I62: =IFERROR(__xludf.DUMMYFUNCTION("IF(D62="""","""",ROUND(XLOOKUP(D62, FLATTEN(B$1:E61), FLATTEN(O$1:R61), 500, 0, -1)))"),550.0) -> 550 | J62: =IFERROR(__xludf.DUMMYFUNCTION("IF(E62="""","""",ROUND(XLOOKUP(E62, FLATTEN(B$1:E61), FLATTEN(O$1:R61), 500, 0, -1)))"),550.0) -> 550 | K62: =IF(B62="","",ROUND((G62+H62)/2 - ((MAX(G62,H62)-MIN(G62,H62))^2)/1200,0)) -> 430 | L62: =IF(D62="","",ROUND((I62+J62)/2 - ((MAX(I62,J62)-MIN(I62,J62))^2)/1200,0)) -> 550 | M62: =IF(F62="","",ROUND(1 / (1 + 10^((L62-K62)/400)), 2)) -> 0.33 | N62: =IF(F62="","",ROUND(40 * (IF(F62=1, 1, 0) - M62),0)) -> 27 | O62: =IF(F62="","",ROUND(G62 + N62 + IF(F62=1, 3, 0),0)) -> 474 | P62: =IF(F62="","",ROUND(H62 + N62 + IF(F62=1, 3, 0),0)) -> 448 | Q62: =IF(F62="","",ROUND(I62 - N62 + IF(F62=2, 3, 0),0)) -> 523 | R62: =IF(F62="","",ROUND(J62 - N62 + IF(F62=2, 3, 0),0)) -> 523
A63: =IF(B63="","", ROW()-1) -> 62 | B63: Vesco | C63: Matos | D63: Filli | E63: Francia | F63: 1 | G63: =IFERROR(__xludf.DUMMYFUNCTION("IF(B63="""","""",ROUND(XLOOKUP(B63, FLATTEN(B$1:E62), FLATTEN(O$1:R62), 500, 0, -1)))"),537.0) -> 537 | H63: =IFERROR(__xludf.DUMMYFUNCTION("IF(C63="""","""",ROUND(XLOOKUP(C63, FLATTEN(B$1:E62), FLATTEN(O$1:R62), 500, 0, -1)))"),588.0) -> 588 | I63: =IFERROR(__xludf.DUMMYFUNCTION("IF(D63="""","""",ROUND(XLOOKUP(D63, FLATTEN(B$1:E62), FLATTEN(O$1:R62), 500, 0, -1)))"),547.0) -> 547 | J63: =IFERROR(__xludf.DUMMYFUNCTION("IF(E63="""","""",ROUND(XLOOKUP(E63, FLATTEN(B$1:E62), FLATTEN(O$1:R62), 500, 0, -1)))"),635.0) -> 635 | K63: =IF(B63="","",ROUND((G63+H63)/2 - ((MAX(G63,H63)-MIN(G63,H63))^2)/1200,0)) -> 560 | L63: =IF(D63="","",ROUND((I63+J63)/2 - ((MAX(I63,J63)-MIN(I63,J63))^2)/1200,0)) -> 585 | M63: =IF(F63="","",ROUND(1 / (1 + 10^((L63-K63)/400)), 2)) -> 0.46 | N63: =IF(F63="","",ROUND(40 * (IF(F63=1, 1, 0) - M63),0)) -> 22 | O63: =IF(F63="","",ROUND(G63 + N63 + IF(F63=1, 3, 0),0)) -> 562 | P63: =IF(F63="","",ROUND(H63 + N63 + IF(F63=1, 3, 0),0)) -> 613 | Q63: =IF(F63="","",ROUND(I63 - N63 + IF(F63=2, 3, 0),0)) -> 525 | R63: =IF(F63="","",ROUND(J63 - N63 + IF(F63=2, 3, 0),0)) -> 613
A64: =IF(B64="","", ROW()-1) -> 63 | B64: Gae | C64: Riki | D64: Filli | E64: Francia | F64: 1 | G64: =IFERROR(__xludf.DUMMYFUNCTION("IF(B64="""","""",ROUND(XLOOKUP(B64, FLATTEN(B$1:E63), FLATTEN(O$1:R63), 500, 0, -1)))"),523.0) -> 523 | H64: =IFERROR(__xludf.DUMMYFUNCTION("IF(C64="""","""",ROUND(XLOOKUP(C64, FLATTEN(B$1:E63), FLATTEN(O$1:R63), 500, 0, -1)))"),553.0) -> 553 | I64: =IFERROR(__xludf.DUMMYFUNCTION("IF(D64="""","""",ROUND(XLOOKUP(D64, FLATTEN(B$1:E63), FLATTEN(O$1:R63), 500, 0, -1)))"),525.0) -> 525 | J64: =IFERROR(__xludf.DUMMYFUNCTION("IF(E64="""","""",ROUND(XLOOKUP(E64, FLATTEN(B$1:E63), FLATTEN(O$1:R63), 500, 0, -1)))"),613.0) -> 613 | K64: =IF(B64="","",ROUND((G64+H64)/2 - ((MAX(G64,H64)-MIN(G64,H64))^2)/1200,0)) -> 537 | L64: =IF(D64="","",ROUND((I64+J64)/2 - ((MAX(I64,J64)-MIN(I64,J64))^2)/1200,0)) -> 563 | M64: =IF(F64="","",ROUND(1 / (1 + 10^((L64-K64)/400)), 2)) -> 0.46 | N64: =IF(F64="","",ROUND(40 * (IF(F64=1, 1, 0) - M64),0)) -> 22 | O64: =IF(F64="","",ROUND(G64 + N64 + IF(F64=1, 3, 0),0)) -> 548 | P64: =IF(F64="","",ROUND(H64 + N64 + IF(F64=1, 3, 0),0)) -> 578 | Q64: =IF(F64="","",ROUND(I64 - N64 + IF(F64=2, 3, 0),0)) -> 503 | R64: =IF(F64="","",ROUND(J64 - N64 + IF(F64=2, 3, 0),0)) -> 591
A65: =IF(B65="","", ROW()-1) -> 64 | B65: Vesco | C65: Matos | D65: Paolo | E65: Bonny | F65: 1 | G65: =IFERROR(__xludf.DUMMYFUNCTION("IF(B65="""","""",ROUND(XLOOKUP(B65, FLATTEN(B$1:E64), FLATTEN(O$1:R64), 500, 0, -1)))"),562.0) -> 562 | H65: =IFERROR(__xludf.DUMMYFUNCTION("IF(C65="""","""",ROUND(XLOOKUP(C65, FLATTEN(B$1:E64), FLATTEN(O$1:R64), 500, 0, -1)))"),613.0) -> 613 | I65: =IFERROR(__xludf.DUMMYFUNCTION("IF(D65="""","""",ROUND(XLOOKUP(D65, FLATTEN(B$1:E64), FLATTEN(O$1:R64), 500, 0, -1)))"),474.0) -> 474 | J65: =IFERROR(__xludf.DUMMYFUNCTION("IF(E65="""","""",ROUND(XLOOKUP(E65, FLATTEN(B$1:E64), FLATTEN(O$1:R64), 500, 0, -1)))"),448.0) -> 448 | K65: =IF(B65="","",ROUND((G65+H65)/2 - ((MAX(G65,H65)-MIN(G65,H65))^2)/1200,0)) -> 585 | L65: =IF(D65="","",ROUND((I65+J65)/2 - ((MAX(I65,J65)-MIN(I65,J65))^2)/1200,0)) -> 460 | M65: =IF(F65="","",ROUND(1 / (1 + 10^((L65-K65)/400)), 2)) -> 0.67 | N65: =IF(F65="","",ROUND(40 * (IF(F65=1, 1, 0) - M65),0)) -> 13 | O65: =IF(F65="","",ROUND(G65 + N65 + IF(F65=1, 3, 0),0)) -> 578 | P65: =IF(F65="","",ROUND(H65 + N65 + IF(F65=1, 3, 0),0)) -> 629 | Q65: =IF(F65="","",ROUND(I65 - N65 + IF(F65=2, 3, 0),0)) -> 461 | R65: =IF(F65="","",ROUND(J65 - N65 + IF(F65=2, 3, 0),0)) -> 435
A66: =IF(B66="","", ROW()-1) -> 65 | B66: Vesco | C66: Matos | D66: Gae | E66: Riki | F66: 1 | G66: =IFERROR(__xludf.DUMMYFUNCTION("IF(B66="""","""",ROUND(XLOOKUP(B66, FLATTEN(B$1:E65), FLATTEN(O$1:R65), 500, 0, -1)))"),578.0) -> 578 | H66: =IFERROR(__xludf.DUMMYFUNCTION("IF(C66="""","""",ROUND(XLOOKUP(C66, FLATTEN(B$1:E65), FLATTEN(O$1:R65), 500, 0, -1)))"),629.0) -> 629 | I66: =IFERROR(__xludf.DUMMYFUNCTION("IF(D66="""","""",ROUND(XLOOKUP(D66, FLATTEN(B$1:E65), FLATTEN(O$1:R65), 500, 0, -1)))"),548.0) -> 548 | J66: =IFERROR(__xludf.DUMMYFUNCTION("IF(E66="""","""",ROUND(XLOOKUP(E66, FLATTEN(B$1:E65), FLATTEN(O$1:R65), 500, 0, -1)))"),578.0) -> 578 | K66: =IF(B66="","",ROUND((G66+H66)/2 - ((MAX(G66,H66)-MIN(G66,H66))^2)/1200,0)) -> 601 | L66: =IF(D66="","",ROUND((I66+J66)/2 - ((MAX(I66,J66)-MIN(I66,J66))^2)/1200,0)) -> 562 | M66: =IF(F66="","",ROUND(1 / (1 + 10^((L66-K66)/400)), 2)) -> 0.56 | N66: =IF(F66="","",ROUND(40 * (IF(F66=1, 1, 0) - M66),0)) -> 18 | O66: =IF(F66="","",ROUND(G66 + N66 + IF(F66=1, 3, 0),0)) -> 599 | P66: =IF(F66="","",ROUND(H66 + N66 + IF(F66=1, 3, 0),0)) -> 650 | Q66: =IF(F66="","",ROUND(I66 - N66 + IF(F66=2, 3, 0),0)) -> 530 | R66: =IF(F66="","",ROUND(J66 - N66 + IF(F66=2, 3, 0),0)) -> 560
A67: =IF(B67="","", ROW()-1) -> 66 | B67: Paolo | C67: Bonny | D67: Filli | E67: Francia | F67: 1 | G67: =IFERROR(__xludf.DUMMYFUNCTION("IF(B67="""","""",ROUND(XLOOKUP(B67, FLATTEN(B$1:E66), FLATTEN(O$1:R66), 500, 0, -1)))"),461.0) -> 461 | H67: =IFERROR(__xludf.DUMMYFUNCTION("IF(C67="""","""",ROUND(XLOOKUP(C67, FLATTEN(B$1:E66), FLATTEN(O$1:R66), 500, 0, -1)))"),435.0) -> 435 | I67: =IFERROR(__xludf.DUMMYFUNCTION("IF(D67="""","""",ROUND(XLOOKUP(D67, FLATTEN(B$1:E66), FLATTEN(O$1:R66), 500, 0, -1)))"),503.0) -> 503 | J67: =IFERROR(__xludf.DUMMYFUNCTION("IF(E67="""","""",ROUND(XLOOKUP(E67, FLATTEN(B$1:E66), FLATTEN(O$1:R66), 500, 0, -1)))"),591.0) -> 591 | K67: =IF(B67="","",ROUND((G67+H67)/2 - ((MAX(G67,H67)-MIN(G67,H67))^2)/1200,0)) -> 447 | L67: =IF(D67="","",ROUND((I67+J67)/2 - ((MAX(I67,J67)-MIN(I67,J67))^2)/1200,0)) -> 541 | M67: =IF(F67="","",ROUND(1 / (1 + 10^((L67-K67)/400)), 2)) -> 0.37 | N67: =IF(F67="","",ROUND(40 * (IF(F67=1, 1, 0) - M67),0)) -> 25 | O67: =IF(F67="","",ROUND(G67 + N67 + IF(F67=1, 3, 0),0)) -> 489 | P67: =IF(F67="","",ROUND(H67 + N67 + IF(F67=1, 3, 0),0)) -> 463 | Q67: =IF(F67="","",ROUND(I67 - N67 + IF(F67=2, 3, 0),0)) -> 478 | R67: =IF(F67="","",ROUND(J67 - N67 + IF(F67=2, 3, 0),0)) -> 566
A68: =IF(B68="","", ROW()-1) -> 67 | B68: Paolo | C68: Bonny | D68: Gae | E68: Riki | F68: 1 | G68: =IFERROR(__xludf.DUMMYFUNCTION("IF(B68="""","""",ROUND(XLOOKUP(B68, FLATTEN(B$1:E67), FLATTEN(O$1:R67), 500, 0, -1)))"),489.0) -> 489 | H68: =IFERROR(__xludf.DUMMYFUNCTION("IF(C68="""","""",ROUND(XLOOKUP(C68, FLATTEN(B$1:E67), FLATTEN(O$1:R67), 500, 0, -1)))"),463.0) -> 463 | I68: =IFERROR(__xludf.DUMMYFUNCTION("IF(D68="""","""",ROUND(XLOOKUP(D68, FLATTEN(B$1:E67), FLATTEN(O$1:R67), 500, 0, -1)))"),530.0) -> 530 | J68: =IFERROR(__xludf.DUMMYFUNCTION("IF(E68="""","""",ROUND(XLOOKUP(E68, FLATTEN(B$1:E67), FLATTEN(O$1:R67), 500, 0, -1)))"),560.0) -> 560 | K68: =IF(B68="","",ROUND((G68+H68)/2 - ((MAX(G68,H68)-MIN(G68,H68))^2)/1200,0)) -> 475 | L68: =IF(D68="","",ROUND((I68+J68)/2 - ((MAX(I68,J68)-MIN(I68,J68))^2)/1200,0)) -> 544 | M68: =IF(F68="","",ROUND(1 / (1 + 10^((L68-K68)/400)), 2)) -> 0.4 | N68: =IF(F68="","",ROUND(40 * (IF(F68=1, 1, 0) - M68),0)) -> 24 | O68: =IF(F68="","",ROUND(G68 + N68 + IF(F68=1, 3, 0),0)) -> 516 | P68: =IF(F68="","",ROUND(H68 + N68 + IF(F68=1, 3, 0),0)) -> 490 | Q68: =IF(F68="","",ROUND(I68 - N68 + IF(F68=2, 3, 0),0)) -> 506 | R68: =IF(F68="","",ROUND(J68 - N68 + IF(F68=2, 3, 0),0)) -> 536
A69: =IF(B69="","", ROW()-1) -> 68 | B69: Filli | C69: Francia | D69: Vesco | E69: Matos | F69: 1 | G69: =IFERROR(__xludf.DUMMYFUNCTION("IF(B69="""","""",ROUND(XLOOKUP(B69, FLATTEN(B$1:E68), FLATTEN(O$1:R68), 500, 0, -1)))"),478.0) -> 478 | H69: =IFERROR(__xludf.DUMMYFUNCTION("IF(C69="""","""",ROUND(XLOOKUP(C69, FLATTEN(B$1:E68), FLATTEN(O$1:R68), 500, 0, -1)))"),566.0) -> 566 | I69: =IFERROR(__xludf.DUMMYFUNCTION("IF(D69="""","""",ROUND(XLOOKUP(D69, FLATTEN(B$1:E68), FLATTEN(O$1:R68), 500, 0, -1)))"),599.0) -> 599 | J69: =IFERROR(__xludf.DUMMYFUNCTION("IF(E69="""","""",ROUND(XLOOKUP(E69, FLATTEN(B$1:E68), FLATTEN(O$1:R68), 500, 0, -1)))"),650.0) -> 650 | K69: =IF(B69="","",ROUND((G69+H69)/2 - ((MAX(G69,H69)-MIN(G69,H69))^2)/1200,0)) -> 516 | L69: =IF(D69="","",ROUND((I69+J69)/2 - ((MAX(I69,J69)-MIN(I69,J69))^2)/1200,0)) -> 622 | M69: =IF(F69="","",ROUND(1 / (1 + 10^((L69-K69)/400)), 2)) -> 0.35 | N69: =IF(F69="","",ROUND(40 * (IF(F69=1, 1, 0) - M69),0)) -> 26 | O69: =IF(F69="","",ROUND(G69 + N69 + IF(F69=1, 3, 0),0)) -> 507 | P69: =IF(F69="","",ROUND(H69 + N69 + IF(F69=1, 3, 0),0)) -> 595 | Q69: =IF(F69="","",ROUND(I69 - N69 + IF(F69=2, 3, 0),0)) -> 573 | R69: =IF(F69="","",ROUND(J69 - N69 + IF(F69=2, 3, 0),0)) -> 624
A70: =IF(B70="","", ROW()-1) -> 69 | B70: Filli | C70: Francia | D70: Gae | E70: Riki | F70: 1 | G70: =IFERROR(__xludf.DUMMYFUNCTION("IF(B70="""","""",ROUND(XLOOKUP(B70, FLATTEN(B$1:E69), FLATTEN(O$1:R69), 500, 0, -1)))"),507.0) -> 507 | H70: =IFERROR(__xludf.DUMMYFUNCTION("IF(C70="""","""",ROUND(XLOOKUP(C70, FLATTEN(B$1:E69), FLATTEN(O$1:R69), 500, 0, -1)))"),595.0) -> 595 | I70: =IFERROR(__xludf.DUMMYFUNCTION("IF(D70="""","""",ROUND(XLOOKUP(D70, FLATTEN(B$1:E69), FLATTEN(O$1:R69), 500, 0, -1)))"),506.0) -> 506 | J70: =IFERROR(__xludf.DUMMYFUNCTION("IF(E70="""","""",ROUND(XLOOKUP(E70, FLATTEN(B$1:E69), FLATTEN(O$1:R69), 500, 0, -1)))"),536.0) -> 536 | K70: =IF(B70="","",ROUND((G70+H70)/2 - ((MAX(G70,H70)-MIN(G70,H70))^2)/1200,0)) -> 545 | L70: =IF(D70="","",ROUND((I70+J70)/2 - ((MAX(I70,J70)-MIN(I70,J70))^2)/1200,0)) -> 520 | M70: =IF(F70="","",ROUND(1 / (1 + 10^((L70-K70)/400)), 2)) -> 0.54 | N70: =IF(F70="","",ROUND(40 * (IF(F70=1, 1, 0) - M70),0)) -> 18 | O70: =IF(F70="","",ROUND(G70 + N70 + IF(F70=1, 3, 0),0)) -> 528 | P70: =IF(F70="","",ROUND(H70 + N70 + IF(F70=1, 3, 0),0)) -> 616 | Q70: =IF(F70="","",ROUND(I70 - N70 + IF(F70=2, 3, 0),0)) -> 488 | R70: =IF(F70="","",ROUND(J70 - N70 + IF(F70=2, 3, 0),0)) -> 518
A71: =IF(B71="","", ROW()-1) -> 70 | B71: Vesco | C71: Matos | D71: Paolo | E71: Bonny | F71: 1 | G71: =IFERROR(__xludf.DUMMYFUNCTION("IF(B71="""","""",ROUND(XLOOKUP(B71, FLATTEN(B$1:E70), FLATTEN(O$1:R70), 500, 0, -1)))"),573.0) -> 573 | H71: =IFERROR(__xludf.DUMMYFUNCTION("IF(C71="""","""",ROUND(XLOOKUP(C71, FLATTEN(B$1:E70), FLATTEN(O$1:R70), 500, 0, -1)))"),624.0) -> 624 | I71: =IFERROR(__xludf.DUMMYFUNCTION("IF(D71="""","""",ROUND(XLOOKUP(D71, FLATTEN(B$1:E70), FLATTEN(O$1:R70), 500, 0, -1)))"),516.0) -> 516 | J71: =IFERROR(__xludf.DUMMYFUNCTION("IF(E71="""","""",ROUND(XLOOKUP(E71, FLATTEN(B$1:E70), FLATTEN(O$1:R70), 500, 0, -1)))"),490.0) -> 490 | K71: =IF(B71="","",ROUND((G71+H71)/2 - ((MAX(G71,H71)-MIN(G71,H71))^2)/1200,0)) -> 596 | L71: =IF(D71="","",ROUND((I71+J71)/2 - ((MAX(I71,J71)-MIN(I71,J71))^2)/1200,0)) -> 502 | M71: =IF(F71="","",ROUND(1 / (1 + 10^((L71-K71)/400)), 2)) -> 0.63 | N71: =IF(F71="","",ROUND(40 * (IF(F71=1, 1, 0) - M71),0)) -> 15 | O71: =IF(F71="","",ROUND(G71 + N71 + IF(F71=1, 3, 0),0)) -> 591 | P71: =IF(F71="","",ROUND(H71 + N71 + IF(F71=1, 3, 0),0)) -> 642 | Q71: =IF(F71="","",ROUND(I71 - N71 + IF(F71=2, 3, 0),0)) -> 501 | R71: =IF(F71="","",ROUND(J71 - N71 + IF(F71=2, 3, 0),0)) -> 475
A72: =IF(B72="","", ROW()-1) -> 71 | B72: Bonny | C72: Vezzo | D72: Paolo | E72: Paolo | F72: 1 | G72: =IFERROR(__xludf.DUMMYFUNCTION("IF(B72="""","""",ROUND(XLOOKUP(B72, FLATTEN(B$1:E71), FLATTEN(O$1:R71), 500, 0, -1)))"),475.0) -> 475 | H72: =IFERROR(__xludf.DUMMYFUNCTION("IF(C72="""","""",ROUND(XLOOKUP(C72, FLATTEN(B$1:E71), FLATTEN(O$1:R71), 500, 0, -1)))"),502.0) -> 502 | I72: =IFERROR(__xludf.DUMMYFUNCTION("IF(D72="""","""",ROUND(XLOOKUP(D72, FLATTEN(B$1:E71), FLATTEN(O$1:R71), 500, 0, -1)))"),501.0) -> 501 | J72: =IFERROR(__xludf.DUMMYFUNCTION("IF(E72="""","""",ROUND(XLOOKUP(E72, FLATTEN(B$1:E71), FLATTEN(O$1:R71), 500, 0, -1)))"),501.0) -> 501 | K72: =IF(B72="","",ROUND((G72+H72)/2 - ((MAX(G72,H72)-MIN(G72,H72))^2)/1200,0)) -> 488 | L72: =IF(D72="","",ROUND((I72+J72)/2 - ((MAX(I72,J72)-MIN(I72,J72))^2)/1200,0)) -> 501 | M72: =IF(F72="","",ROUND(1 / (1 + 10^((L72-K72)/400)), 2)) -> 0.48 | N72: =IF(F72="","",ROUND(40 * (IF(F72=1, 1, 0) - M72),0)) -> 21 | O72: =IF(F72="","",ROUND(G72 + N72 + IF(F72=1, 3, 0),0)) -> 499 | P72: =IF(F72="","",ROUND(H72 + N72 + IF(F72=1, 3, 0),0)) -> 526 | Q72: =IF(F72="","",ROUND(I72 - N72 + IF(F72=2, 3, 0),0)) -> 480 | R72: =IF(F72="","",ROUND(J72 - N72 + IF(F72=2, 3, 0),0)) -> 480
A73: =IF(B73="","", ROW()-1) -> 72 | B73: Matos | C73: Riki | D73: Bonny | E73: Vezzo | F73: 1 | G73: =IFERROR(__xludf.DUMMYFUNCTION("IF(B73="""","""",ROUND(XLOOKUP(B73, FLATTEN(B$1:E72), FLATTEN(O$1:R72), 500, 0, -1)))"),642.0) -> 642 | H73: =IFERROR(__xludf.DUMMYFUNCTION("IF(C73="""","""",ROUND(XLOOKUP(C73, FLATTEN(B$1:E72), FLATTEN(O$1:R72), 500, 0, -1)))"),518.0) -> 518 | I73: =IFERROR(__xludf.DUMMYFUNCTION("IF(D73="""","""",ROUND(XLOOKUP(D73, FLATTEN(B$1:E72), FLATTEN(O$1:R72), 500, 0, -1)))"),499.0) -> 499 | J73: =IFERROR(__xludf.DUMMYFUNCTION("IF(E73="""","""",ROUND(XLOOKUP(E73, FLATTEN(B$1:E72), FLATTEN(O$1:R72), 500, 0, -1)))"),526.0) -> 526 | K73: =IF(B73="","",ROUND((G73+H73)/2 - ((MAX(G73,H73)-MIN(G73,H73))^2)/1200,0)) -> 567 | L73: =IF(D73="","",ROUND((I73+J73)/2 - ((MAX(I73,J73)-MIN(I73,J73))^2)/1200,0)) -> 512 | M73: =IF(F73="","",ROUND(1 / (1 + 10^((L73-K73)/400)), 2)) -> 0.58 | N73: =IF(F73="","",ROUND(40 * (IF(F73=1, 1, 0) - M73),0)) -> 17 | O73: =IF(F73="","",ROUND(G73 + N73 + IF(F73=1, 3, 0),0)) -> 662 | P73: =IF(F73="","",ROUND(H73 + N73 + IF(F73=1, 3, 0),0)) -> 538 | Q73: =IF(F73="","",ROUND(I73 - N73 + IF(F73=2, 3, 0),0)) -> 482 | R73: =IF(F73="","",ROUND(J73 - N73 + IF(F73=2, 3, 0),0)) -> 509
A74: =IF(B74="","", ROW()-1) -> 73 | B74: Paolo | C74: Paolo | D74: Matos | E74: Riki | F74: 1 | G74: =IFERROR(__xludf.DUMMYFUNCTION("IF(B74="""","""",ROUND(XLOOKUP(B74, FLATTEN(B$1:E73), FLATTEN(O$1:R73), 500, 0, -1)))"),480.0) -> 480 | H74: =IFERROR(__xludf.DUMMYFUNCTION("IF(C74="""","""",ROUND(XLOOKUP(C74, FLATTEN(B$1:E73), FLATTEN(O$1:R73), 500, 0, -1)))"),480.0) -> 480 | I74: =IFERROR(__xludf.DUMMYFUNCTION("IF(D74="""","""",ROUND(XLOOKUP(D74, FLATTEN(B$1:E73), FLATTEN(O$1:R73), 500, 0, -1)))"),662.0) -> 662 | J74: =IFERROR(__xludf.DUMMYFUNCTION("IF(E74="""","""",ROUND(XLOOKUP(E74, FLATTEN(B$1:E73), FLATTEN(O$1:R73), 500, 0, -1)))"),538.0) -> 538 | K74: =IF(B74="","",ROUND((G74+H74)/2 - ((MAX(G74,H74)-MIN(G74,H74))^2)/1200,0)) -> 480 | L74: =IF(D74="","",ROUND((I74+J74)/2 - ((MAX(I74,J74)-MIN(I74,J74))^2)/1200,0)) -> 587 | M74: =IF(F74="","",ROUND(1 / (1 + 10^((L74-K74)/400)), 2)) -> 0.35 | N74: =IF(F74="","",ROUND(40 * (IF(F74=1, 1, 0) - M74),0)) -> 26 | O74: =IF(F74="","",ROUND(G74 + N74 + IF(F74=1, 3, 0),0)) -> 509 | P74: =IF(F74="","",ROUND(H74 + N74 + IF(F74=1, 3, 0),0)) -> 509 | Q74: =IF(F74="","",ROUND(I74 - N74 + IF(F74=2, 3, 0),0)) -> 636 | R74: =IF(F74="","",ROUND(J74 - N74 + IF(F74=2, 3, 0),0)) -> 512
A75: =IF(B75="","", ROW()-1) -> 74 | B75: Paolo | C75: Paolo | D75: Bonny | E75: Vezzo | F75: 1 | G75: =IFERROR(__xludf.DUMMYFUNCTION("IF(B75="""","""",ROUND(XLOOKUP(B75, FLATTEN(B$1:E74), FLATTEN(O$1:R74), 500, 0, -1)))"),509.0) -> 509 | H75: =IFERROR(__xludf.DUMMYFUNCTION("IF(C75="""","""",ROUND(XLOOKUP(C75, FLATTEN(B$1:E74), FLATTEN(O$1:R74), 500, 0, -1)))"),509.0) -> 509 | I75: =IFERROR(__xludf.DUMMYFUNCTION("IF(D75="""","""",ROUND(XLOOKUP(D75, FLATTEN(B$1:E74), FLATTEN(O$1:R74), 500, 0, -1)))"),482.0) -> 482 | J75: =IFERROR(__xludf.DUMMYFUNCTION("IF(E75="""","""",ROUND(XLOOKUP(E75, FLATTEN(B$1:E74), FLATTEN(O$1:R74), 500, 0, -1)))"),509.0) -> 509 | K75: =IF(B75="","",ROUND((G75+H75)/2 - ((MAX(G75,H75)-MIN(G75,H75))^2)/1200,0)) -> 509 | L75: =IF(D75="","",ROUND((I75+J75)/2 - ((MAX(I75,J75)-MIN(I75,J75))^2)/1200,0)) -> 495 | M75: =IF(F75="","",ROUND(1 / (1 + 10^((L75-K75)/400)), 2)) -> 0.52 | N75: =IF(F75="","",ROUND(40 * (IF(F75=1, 1, 0) - M75),0)) -> 19 | O75: =IF(F75="","",ROUND(G75 + N75 + IF(F75=1, 3, 0),0)) -> 531 | P75: =IF(F75="","",ROUND(H75 + N75 + IF(F75=1, 3, 0),0)) -> 531 | Q75: =IF(F75="","",ROUND(I75 - N75 + IF(F75=2, 3, 0),0)) -> 463 | R75: =IF(F75="","",ROUND(J75 - N75 + IF(F75=2, 3, 0),0)) -> 490
A76: =IF(B76="","", ROW()-1) -> 75 | B76: Matos | C76: Riki | D76: Paolo | E76: Paolo | F76: 1 | G76: =IFERROR(__xludf.DUMMYFUNCTION("IF(B76="""","""",ROUND(XLOOKUP(B76, FLATTEN(B$1:E75), FLATTEN(O$1:R75), 500, 0, -1)))"),636.0) -> 636 | H76: =IFERROR(__xludf.DUMMYFUNCTION("IF(C76="""","""",ROUND(XLOOKUP(C76, FLATTEN(B$1:E75), FLATTEN(O$1:R75), 500, 0, -1)))"),512.0) -> 512 | I76: =IFERROR(__xludf.DUMMYFUNCTION("IF(D76="""","""",ROUND(XLOOKUP(D76, FLATTEN(B$1:E75), FLATTEN(O$1:R75), 500, 0, -1)))"),531.0) -> 531 | J76: =IFERROR(__xludf.DUMMYFUNCTION("IF(E76="""","""",ROUND(XLOOKUP(E76, FLATTEN(B$1:E75), FLATTEN(O$1:R75), 500, 0, -1)))"),531.0) -> 531 | K76: =IF(B76="","",ROUND((G76+H76)/2 - ((MAX(G76,H76)-MIN(G76,H76))^2)/1200,0)) -> 561 | L76: =IF(D76="","",ROUND((I76+J76)/2 - ((MAX(I76,J76)-MIN(I76,J76))^2)/1200,0)) -> 531 | M76: =IF(F76="","",ROUND(1 / (1 + 10^((L76-K76)/400)), 2)) -> 0.54 | N76: =IF(F76="","",ROUND(40 * (IF(F76=1, 1, 0) - M76),0)) -> 18 | O76: =IF(F76="","",ROUND(G76 + N76 + IF(F76=1, 3, 0),0)) -> 657 | P76: =IF(F76="","",ROUND(H76 + N76 + IF(F76=1, 3, 0),0)) -> 533 | Q76: =IF(F76="","",ROUND(I76 - N76 + IF(F76=2, 3, 0),0)) -> 513 | R76: =IF(F76="","",ROUND(J76 - N76 + IF(F76=2, 3, 0),0)) -> 513
A77: =IF(B77="","", ROW()-1) -> 76 | B77: Bonny | C77: Vezzo | D77: Matos | E77: Riki | F77: 1 | G77: =IFERROR(__xludf.DUMMYFUNCTION("IF(B77="""","""",ROUND(XLOOKUP(B77, FLATTEN(B$1:E76), FLATTEN(O$1:R76), 500, 0, -1)))"),463.0) -> 463 | H77: =IFERROR(__xludf.DUMMYFUNCTION("IF(C77="""","""",ROUND(XLOOKUP(C77, FLATTEN(B$1:E76), FLATTEN(O$1:R76), 500, 0, -1)))"),490.0) -> 490 | I77: =IFERROR(__xludf.DUMMYFUNCTION("IF(D77="""","""",ROUND(XLOOKUP(D77, FLATTEN(B$1:E76), FLATTEN(O$1:R76), 500, 0, -1)))"),657.0) -> 657 | J77: =IFERROR(__xludf.DUMMYFUNCTION("IF(E77="""","""",ROUND(XLOOKUP(E77, FLATTEN(B$1:E76), FLATTEN(O$1:R76), 500, 0, -1)))"),533.0) -> 533 | K77: =IF(B77="","",ROUND((G77+H77)/2 - ((MAX(G77,H77)-MIN(G77,H77))^2)/1200,0)) -> 476 | L77: =IF(D77="","",ROUND((I77+J77)/2 - ((MAX(I77,J77)-MIN(I77,J77))^2)/1200,0)) -> 582 | M77: =IF(F77="","",ROUND(1 / (1 + 10^((L77-K77)/400)), 2)) -> 0.35 | N77: =IF(F77="","",ROUND(40 * (IF(F77=1, 1, 0) - M77),0)) -> 26 | O77: =IF(F77="","",ROUND(G77 + N77 + IF(F77=1, 3, 0),0)) -> 492 | P77: =IF(F77="","",ROUND(H77 + N77 + IF(F77=1, 3, 0),0)) -> 519 | Q77: =IF(F77="","",ROUND(I77 - N77 + IF(F77=2, 3, 0),0)) -> 631 | R77: =IF(F77="","",ROUND(J77 - N77 + IF(F77=2, 3, 0),0)) -> 507
A78: =IF(B78="","", ROW()-1) -> 77 | B78: Paolo | C78: Paolo | D78: Bonny | E78: Vezzo | F78: 1 | G78: =IFERROR(__xludf.DUMMYFUNCTION("IF(B78="""","""",ROUND(XLOOKUP(B78, FLATTEN(B$1:E77), FLATTEN(O$1:R77), 500, 0, -1)))"),513.0) -> 513 | H78: =IFERROR(__xludf.DUMMYFUNCTION("IF(C78="""","""",ROUND(XLOOKUP(C78, FLATTEN(B$1:E77), FLATTEN(O$1:R77), 500, 0, -1)))"),513.0) -> 513 | I78: =IFERROR(__xludf.DUMMYFUNCTION("IF(D78="""","""",ROUND(XLOOKUP(D78, FLATTEN(B$1:E77), FLATTEN(O$1:R77), 500, 0, -1)))"),492.0) -> 492 | J78: =IFERROR(__xludf.DUMMYFUNCTION("IF(E78="""","""",ROUND(XLOOKUP(E78, FLATTEN(B$1:E77), FLATTEN(O$1:R77), 500, 0, -1)))"),519.0) -> 519 | K78: =IF(B78="","",ROUND((G78+H78)/2 - ((MAX(G78,H78)-MIN(G78,H78))^2)/1200,0)) -> 513 | L78: =IF(D78="","",ROUND((I78+J78)/2 - ((MAX(I78,J78)-MIN(I78,J78))^2)/1200,0)) -> 505 | M78: =IF(F78="","",ROUND(1 / (1 + 10^((L78-K78)/400)), 2)) -> 0.51 | N78: =IF(F78="","",ROUND(40 * (IF(F78=1, 1, 0) - M78),0)) -> 20 | O78: =IF(F78="","",ROUND(G78 + N78 + IF(F78=1, 3, 0),0)) -> 536 | P78: =IF(F78="","",ROUND(H78 + N78 + IF(F78=1, 3, 0),0)) -> 536 | Q78: =IF(F78="","",ROUND(I78 - N78 + IF(F78=2, 3, 0),0)) -> 472 | R78: =IF(F78="","",ROUND(J78 - N78 + IF(F78=2, 3, 0),0)) -> 499
A79: =IF(B79="","", ROW()-1) -> 78 | B79: Paolo | C79: Gae | D79: Matos | E79: Riki | F79: 1 | G79: =IFERROR(__xludf.DUMMYFUNCTION("IF(B79="""","""",ROUND(XLOOKUP(B79, FLATTEN(B$1:E78), FLATTEN(O$1:R78), 500, 0, -1)))"),536.0) -> 536 | H79: =IFERROR(__xludf.DUMMYFUNCTION("IF(C79="""","""",ROUND(XLOOKUP(C79, FLATTEN(B$1:E78), FLATTEN(O$1:R78), 500, 0, -1)))"),488.0) -> 488 | I79: =IFERROR(__xludf.DUMMYFUNCTION("IF(D79="""","""",ROUND(XLOOKUP(D79, FLATTEN(B$1:E78), FLATTEN(O$1:R78), 500, 0, -1)))"),631.0) -> 631 | J79: =IFERROR(__xludf.DUMMYFUNCTION("IF(E79="""","""",ROUND(XLOOKUP(E79, FLATTEN(B$1:E78), FLATTEN(O$1:R78), 500, 0, -1)))"),507.0) -> 507 | K79: =IF(B79="","",ROUND((G79+H79)/2 - ((MAX(G79,H79)-MIN(G79,H79))^2)/1200,0)) -> 510 | L79: =IF(D79="","",ROUND((I79+J79)/2 - ((MAX(I79,J79)-MIN(I79,J79))^2)/1200,0)) -> 556 | M79: =IF(F79="","",ROUND(1 / (1 + 10^((L79-K79)/400)), 2)) -> 0.43 | N79: =IF(F79="","",ROUND(40 * (IF(F79=1, 1, 0) - M79),0)) -> 23 | O79: =IF(F79="","",ROUND(G79 + N79 + IF(F79=1, 3, 0),0)) -> 562 | P79: =IF(F79="","",ROUND(H79 + N79 + IF(F79=1, 3, 0),0)) -> 514 | Q79: =IF(F79="","",ROUND(I79 - N79 + IF(F79=2, 3, 0),0)) -> 608 | R79: =IF(F79="","",ROUND(J79 - N79 + IF(F79=2, 3, 0),0)) -> 484
A80: =IF(B80="","", ROW()-1) -> 79 | B80: Paolo | C80: Gae | D80: Bonny | E80: Vezzo | F80: 1 | G80: =IFERROR(__xludf.DUMMYFUNCTION("IF(B80="""","""",ROUND(XLOOKUP(B80, FLATTEN(B$1:E79), FLATTEN(O$1:R79), 500, 0, -1)))"),562.0) -> 562 | H80: =IFERROR(__xludf.DUMMYFUNCTION("IF(C80="""","""",ROUND(XLOOKUP(C80, FLATTEN(B$1:E79), FLATTEN(O$1:R79), 500, 0, -1)))"),514.0) -> 514 | I80: =IFERROR(__xludf.DUMMYFUNCTION("IF(D80="""","""",ROUND(XLOOKUP(D80, FLATTEN(B$1:E79), FLATTEN(O$1:R79), 500, 0, -1)))"),472.0) -> 472 | J80: =IFERROR(__xludf.DUMMYFUNCTION("IF(E80="""","""",ROUND(XLOOKUP(E80, FLATTEN(B$1:E79), FLATTEN(O$1:R79), 500, 0, -1)))"),499.0) -> 499 | K80: =IF(B80="","",ROUND((G80+H80)/2 - ((MAX(G80,H80)-MIN(G80,H80))^2)/1200,0)) -> 536 | L80: =IF(D80="","",ROUND((I80+J80)/2 - ((MAX(I80,J80)-MIN(I80,J80))^2)/1200,0)) -> 485 | M80: =IF(F80="","",ROUND(1 / (1 + 10^((L80-K80)/400)), 2)) -> 0.57 | N80: =IF(F80="","",ROUND(40 * (IF(F80=1, 1, 0) - M80),0)) -> 17 | O80: =IF(F80="","",ROUND(G80 + N80 + IF(F80=1, 3, 0),0)) -> 582 | P80: =IF(F80="","",ROUND(H80 + N80 + IF(F80=1, 3, 0),0)) -> 534 | Q80: =IF(F80="","",ROUND(I80 - N80 + IF(F80=2, 3, 0),0)) -> 455 | R80: =IF(F80="","",ROUND(J80 - N80 + IF(F80=2, 3, 0),0)) -> 482
A81: =IF(B81="","", ROW()-1) | G81: =IFERROR(__xludf.DUMMYFUNCTION("IF(B81="""","""",ROUND(XLOOKUP(B81, FLATTEN(B$1:E80), FLATTEN(O$1:R80), 500, 0, -1)))"),"") | H81: =IFERROR(__xludf.DUMMYFUNCTION("IF(C81="""","""",ROUND(XLOOKUP(C81, FLATTEN(B$1:E80), FLATTEN(O$1:R80), 500, 0, -1)))"),"") | I81: =IFERROR(__xludf.DUMMYFUNCTION("IF(D81="""","""",ROUND(XLOOKUP(D81, FLATTEN(B$1:E80), FLATTEN(O$1:R80), 500, 0, -1)))"),"") | J81: =IFERROR(__xludf.DUMMYFUNCTION("IF(E81="""","""",ROUND(XLOOKUP(E81, FLATTEN(B$1:E80), FLATTEN(O$1:R80), 500, 0, -1)))"),"") | K81: =IF(B81="","",ROUND((G81+H81)/2 - ((MAX(G81,H81)-MIN(G81,H81))^2)/1200,0)) | L81: =IF(D81="","",ROUND((I81+J81)/2 - ((MAX(I81,J81)-MIN(I81,J81))^2)/1200,0)) | M81: =IF(F81="","",ROUND(1 / (1 + 10^((L81-K81)/400)), 2)) | N81: =IF(F81="","",ROUND(40 * (IF(F81=1, 1, 0) - M81),0)) | O81: =IF(F81="","",ROUND(G81 + N81 + IF(F81=1, 3, 0),0)) | P81: =IF(F81="","",ROUND(H81 + N81 + IF(F81=1, 3, 0),0)) | Q81: =IF(F81="","",ROUND(I81 - N81 + IF(F81=2, 3, 0),0)) | R81: =IF(F81="","",ROUND(J81 - N81 + IF(F81=2, 3, 0),0))
A82: =IF(B82="","", ROW()-1) | G82: =IFERROR(__xludf.DUMMYFUNCTION("IF(B82="""","""",ROUND(XLOOKUP(B82, FLATTEN(B$1:E81), FLATTEN(O$1:R81), 500, 0, -1)))"),"") | H82: =IFERROR(__xludf.DUMMYFUNCTION("IF(C82="""","""",ROUND(XLOOKUP(C82, FLATTEN(B$1:E81), FLATTEN(O$1:R81), 500, 0, -1)))"),"") | I82: =IFERROR(__xludf.DUMMYFUNCTION("IF(D82="""","""",ROUND(XLOOKUP(D82, FLATTEN(B$1:E81), FLATTEN(O$1:R81), 500, 0, -1)))"),"") | J82: =IFERROR(__xludf.DUMMYFUNCTION("IF(E82="""","""",ROUND(XLOOKUP(E82, FLATTEN(B$1:E81), FLATTEN(O$1:R81), 500, 0, -1)))"),"") | K82: =IF(B82="","",ROUND((G82+H82)/2 - ((MAX(G82,H82)-MIN(G82,H82))^2)/1200,0)) | L82: =IF(D82="","",ROUND((I82+J82)/2 - ((MAX(I82,J82)-MIN(I82,J82))^2)/1200,0)) | M82: =IF(F82="","",ROUND(1 / (1 + 10^((L82-K82)/400)), 2)) | N82: =IF(F82="","",ROUND(40 * (IF(F82=1, 1, 0) - M82),0)) | O82: =IF(F82="","",ROUND(G82 + N82 + IF(F82=1, 3, 0),0)) | P82: =IF(F82="","",ROUND(H82 + N82 + IF(F82=1, 3, 0),0)) | Q82: =IF(F82="","",ROUND(I82 - N82 + IF(F82=2, 3, 0),0)) | R82: =IF(F82="","",ROUND(J82 - N82 + IF(F82=2, 3, 0),0))
A83: =IF(B83="","", ROW()-1) | G83: =IFERROR(__xludf.DUMMYFUNCTION("IF(B83="""","""",ROUND(XLOOKUP(B83, FLATTEN(B$1:E82), FLATTEN(O$1:R82), 500, 0, -1)))"),"") | H83: =IFERROR(__xludf.DUMMYFUNCTION("IF(C83="""","""",ROUND(XLOOKUP(C83, FLATTEN(B$1:E82), FLATTEN(O$1:R82), 500, 0, -1)))"),"") | I83: =IFERROR(__xludf.DUMMYFUNCTION("IF(D83="""","""",ROUND(XLOOKUP(D83, FLATTEN(B$1:E82), FLATTEN(O$1:R82), 500, 0, -1)))"),"") | J83: =IFERROR(__xludf.DUMMYFUNCTION("IF(E83="""","""",ROUND(XLOOKUP(E83, FLATTEN(B$1:E82), FLATTEN(O$1:R82), 500, 0, -1)))"),"") | K83: =IF(B83="","",ROUND((G83+H83)/2 - ((MAX(G83,H83)-MIN(G83,H83))^2)/1200,0)) | L83: =IF(D83="","",ROUND((I83+J83)/2 - ((MAX(I83,J83)-MIN(I83,J83))^2)/1200,0)) | M83: =IF(F83="","",ROUND(1 / (1 + 10^((L83-K83)/400)), 2)) | N83: =IF(F83="","",ROUND(40 * (IF(F83=1, 1, 0) - M83),0)) | O83: =IF(F83="","",ROUND(G83 + N83 + IF(F83=1, 3, 0),0)) | P83: =IF(F83="","",ROUND(H83 + N83 + IF(F83=1, 3, 0),0)) | Q83: =IF(F83="","",ROUND(I83 - N83 + IF(F83=2, 3, 0),0)) | R83: =IF(F83="","",ROUND(J83 - N83 + IF(F83=2, 3, 0),0))
A84: =IF(B84="","", ROW()-1) | G84: =IFERROR(__xludf.DUMMYFUNCTION("IF(B84="""","""",ROUND(XLOOKUP(B84, FLATTEN(B$1:E83), FLATTEN(O$1:R83), 500, 0, -1)))"),"") | H84: =IFERROR(__xludf.DUMMYFUNCTION("IF(C84="""","""",ROUND(XLOOKUP(C84, FLATTEN(B$1:E83), FLATTEN(O$1:R83), 500, 0, -1)))"),"") | I84: =IFERROR(__xludf.DUMMYFUNCTION("IF(D84="""","""",ROUND(XLOOKUP(D84, FLATTEN(B$1:E83), FLATTEN(O$1:R83), 500, 0, -1)))"),"") | J84: =IFERROR(__xludf.DUMMYFUNCTION("IF(E84="""","""",ROUND(XLOOKUP(E84, FLATTEN(B$1:E83), FLATTEN(O$1:R83), 500, 0, -1)))"),"") | K84: =IF(B84="","",ROUND((G84+H84)/2 - ((MAX(G84,H84)-MIN(G84,H84))^2)/1200,0)) | L84: =IF(D84="","",ROUND((I84+J84)/2 - ((MAX(I84,J84)-MIN(I84,J84))^2)/1200,0)) | M84: =IF(F84="","",ROUND(1 / (1 + 10^((L84-K84)/400)), 2)) | N84: =IF(F84="","",ROUND(40 * (IF(F84=1, 1, 0) - M84),0)) | O84: =IF(F84="","",ROUND(G84 + N84 + IF(F84=1, 3, 0),0)) | P84: =IF(F84="","",ROUND(H84 + N84 + IF(F84=1, 3, 0),0)) | Q84: =IF(F84="","",ROUND(I84 - N84 + IF(F84=2, 3, 0),0)) | R84: =IF(F84="","",ROUND(J84 - N84 + IF(F84=2, 3, 0),0))
A85: =IF(B85="","", ROW()-1) | G85: =IFERROR(__xludf.DUMMYFUNCTION("IF(B85="""","""",ROUND(XLOOKUP(B85, FLATTEN(B$1:E84), FLATTEN(O$1:R84), 500, 0, -1)))"),"") | H85: =IFERROR(__xludf.DUMMYFUNCTION("IF(C85="""","""",ROUND(XLOOKUP(C85, FLATTEN(B$1:E84), FLATTEN(O$1:R84), 500, 0, -1)))"),"") | I85: =IFERROR(__xludf.DUMMYFUNCTION("IF(D85="""","""",ROUND(XLOOKUP(D85, FLATTEN(B$1:E84), FLATTEN(O$1:R84), 500, 0, -1)))"),"") | J85: =IFERROR(__xludf.DUMMYFUNCTION("IF(E85="""","""",ROUND(XLOOKUP(E85, FLATTEN(B$1:E84), FLATTEN(O$1:R84), 500, 0, -1)))"),"") | K85: =IF(B85="","",ROUND((G85+H85)/2 - ((MAX(G85,H85)-MIN(G85,H85))^2)/1200,0)) | L85: =IF(D85="","",ROUND((I85+J85)/2 - ((MAX(I85,J85)-MIN(I85,J85))^2)/1200,0)) | M85: =IF(F85="","",ROUND(1 / (1 + 10^((L85-K85)/400)), 2)) | N85: =IF(F85="","",ROUND(40 * (IF(F85=1, 1, 0) - M85),0)) | O85: =IF(F85="","",ROUND(G85 + N85 + IF(F85=1, 3, 0),0)) | P85: =IF(F85="","",ROUND(H85 + N85 + IF(F85=1, 3, 0),0)) | Q85: =IF(F85="","",ROUND(I85 - N85 + IF(F85=2, 3, 0),0)) | R85: =IF(F85="","",ROUND(J85 - N85 + IF(F85=2, 3, 0),0))
A86: =IF(B86="","", ROW()-1) | G86: =IFERROR(__xludf.DUMMYFUNCTION("IF(B86="""","""",ROUND(XLOOKUP(B86, FLATTEN(B$1:E85), FLATTEN(O$1:R85), 500, 0, -1)))"),"") | H86: =IFERROR(__xludf.DUMMYFUNCTION("IF(C86="""","""",ROUND(XLOOKUP(C86, FLATTEN(B$1:E85), FLATTEN(O$1:R85), 500, 0, -1)))"),"") | I86: =IFERROR(__xludf.DUMMYFUNCTION("IF(D86="""","""",ROUND(XLOOKUP(D86, FLATTEN(B$1:E85), FLATTEN(O$1:R85), 500, 0, -1)))"),"") | J86: =IFERROR(__xludf.DUMMYFUNCTION("IF(E86="""","""",ROUND(XLOOKUP(E86, FLATTEN(B$1:E85), FLATTEN(O$1:R85), 500, 0, -1)))"),"") | K86: =IF(B86="","",ROUND((G86+H86)/2 - ((MAX(G86,H86)-MIN(G86,H86))^2)/1200,0)) | L86: =IF(D86="","",ROUND((I86+J86)/2 - ((MAX(I86,J86)-MIN(I86,J86))^2)/1200,0)) | M86: =IF(F86="","",ROUND(1 / (1 + 10^((L86-K86)/400)), 2)) | N86: =IF(F86="","",ROUND(40 * (IF(F86=1, 1, 0) - M86),0)) | O86: =IF(F86="","",ROUND(G86 + N86 + IF(F86=1, 3, 0),0)) | P86: =IF(F86="","",ROUND(H86 + N86 + IF(F86=1, 3, 0),0)) | Q86: =IF(F86="","",ROUND(I86 - N86 + IF(F86=2, 3, 0),0)) | R86: =IF(F86="","",ROUND(J86 - N86 + IF(F86=2, 3, 0),0))
A87: =IF(B87="","", ROW()-1) | G87: =IFERROR(__xludf.DUMMYFUNCTION("IF(B87="""","""",ROUND(XLOOKUP(B87, FLATTEN(B$1:E86), FLATTEN(O$1:R86), 500, 0, -1)))"),"") | H87: =IFERROR(__xludf.DUMMYFUNCTION("IF(C87="""","""",ROUND(XLOOKUP(C87, FLATTEN(B$1:E86), FLATTEN(O$1:R86), 500, 0, -1)))"),"") | I87: =IFERROR(__xludf.DUMMYFUNCTION("IF(D87="""","""",ROUND(XLOOKUP(D87, FLATTEN(B$1:E86), FLATTEN(O$1:R86), 500, 0, -1)))"),"") | J87: =IFERROR(__xludf.DUMMYFUNCTION("IF(E87="""","""",ROUND(XLOOKUP(E87, FLATTEN(B$1:E86), FLATTEN(O$1:R86), 500, 0, -1)))"),"") | K87: =IF(B87="","",ROUND((G87+H87)/2 - ((MAX(G87,H87)-MIN(G87,H87))^2)/1200,0)) | L87: =IF(D87="","",ROUND((I87+J87)/2 - ((MAX(I87,J87)-MIN(I87,J87))^2)/1200,0)) | M87: =IF(F87="","",ROUND(1 / (1 + 10^((L87-K87)/400)), 2)) | N87: =IF(F87="","",ROUND(40 * (IF(F87=1, 1, 0) - M87),0)) | O87: =IF(F87="","",ROUND(G87 + N87 + IF(F87=1, 3, 0),0)) | P87: =IF(F87="","",ROUND(H87 + N87 + IF(F87=1, 3, 0),0)) | Q87: =IF(F87="","",ROUND(I87 - N87 + IF(F87=2, 3, 0),0)) | R87: =IF(F87="","",ROUND(J87 - N87 + IF(F87=2, 3, 0),0))
A88: =IF(B88="","", ROW()-1) | G88: =IFERROR(__xludf.DUMMYFUNCTION("IF(B88="""","""",ROUND(XLOOKUP(B88, FLATTEN(B$1:E87), FLATTEN(O$1:R87), 500, 0, -1)))"),"") | H88: =IFERROR(__xludf.DUMMYFUNCTION("IF(C88="""","""",ROUND(XLOOKUP(C88, FLATTEN(B$1:E87), FLATTEN(O$1:R87), 500, 0, -1)))"),"") | I88: =IFERROR(__xludf.DUMMYFUNCTION("IF(D88="""","""",ROUND(XLOOKUP(D88, FLATTEN(B$1:E87), FLATTEN(O$1:R87), 500, 0, -1)))"),"") | J88: =IFERROR(__xludf.DUMMYFUNCTION("IF(E88="""","""",ROUND(XLOOKUP(E88, FLATTEN(B$1:E87), FLATTEN(O$1:R87), 500, 0, -1)))"),"") | K88: =IF(B88="","",ROUND((G88+H88)/2 - ((MAX(G88,H88)-MIN(G88,H88))^2)/1200,0)) | L88: =IF(D88="","",ROUND((I88+J88)/2 - ((MAX(I88,J88)-MIN(I88,J88))^2)/1200,0)) | M88: =IF(F88="","",ROUND(1 / (1 + 10^((L88-K88)/400)), 2)) | N88: =IF(F88="","",ROUND(40 * (IF(F88=1, 1, 0) - M88),0)) | O88: =IF(F88="","",ROUND(G88 + N88 + IF(F88=1, 3, 0),0)) | P88: =IF(F88="","",ROUND(H88 + N88 + IF(F88=1, 3, 0),0)) | Q88: =IF(F88="","",ROUND(I88 - N88 + IF(F88=2, 3, 0),0)) | R88: =IF(F88="","",ROUND(J88 - N88 + IF(F88=2, 3, 0),0))
A89: =IF(B89="","", ROW()-1) | G89: =IFERROR(__xludf.DUMMYFUNCTION("IF(B89="""","""",ROUND(XLOOKUP(B89, FLATTEN(B$1:E88), FLATTEN(O$1:R88), 500, 0, -1)))"),"") | H89: =IFERROR(__xludf.DUMMYFUNCTION("IF(C89="""","""",ROUND(XLOOKUP(C89, FLATTEN(B$1:E88), FLATTEN(O$1:R88), 500, 0, -1)))"),"") | I89: =IFERROR(__xludf.DUMMYFUNCTION("IF(D89="""","""",ROUND(XLOOKUP(D89, FLATTEN(B$1:E88), FLATTEN(O$1:R88), 500, 0, -1)))"),"") | J89: =IFERROR(__xludf.DUMMYFUNCTION("IF(E89="""","""",ROUND(XLOOKUP(E89, FLATTEN(B$1:E88), FLATTEN(O$1:R88), 500, 0, -1)))"),"") | K89: =IF(B89="","",ROUND((G89+H89)/2 - ((MAX(G89,H89)-MIN(G89,H89))^2)/1200,0)) | L89: =IF(D89="","",ROUND((I89+J89)/2 - ((MAX(I89,J89)-MIN(I89,J89))^2)/1200,0)) | M89: =IF(F89="","",ROUND(1 / (1 + 10^((L89-K89)/400)), 2)) | N89: =IF(F89="","",ROUND(40 * (IF(F89=1, 1, 0) - M89),0)) | O89: =IF(F89="","",ROUND(G89 + N89 + IF(F89=1, 3, 0),0)) | P89: =IF(F89="","",ROUND(H89 + N89 + IF(F89=1, 3, 0),0)) | Q89: =IF(F89="","",ROUND(I89 - N89 + IF(F89=2, 3, 0),0)) | R89: =IF(F89="","",ROUND(J89 - N89 + IF(F89=2, 3, 0),0))
A90: =IF(B90="","", ROW()-1) | G90: =IFERROR(__xludf.DUMMYFUNCTION("IF(B90="""","""",ROUND(XLOOKUP(B90, FLATTEN(B$1:E89), FLATTEN(O$1:R89), 500, 0, -1)))"),"") | H90: =IFERROR(__xludf.DUMMYFUNCTION("IF(C90="""","""",ROUND(XLOOKUP(C90, FLATTEN(B$1:E89), FLATTEN(O$1:R89), 500, 0, -1)))"),"") | I90: =IFERROR(__xludf.DUMMYFUNCTION("IF(D90="""","""",ROUND(XLOOKUP(D90, FLATTEN(B$1:E89), FLATTEN(O$1:R89), 500, 0, -1)))"),"") | J90: =IFERROR(__xludf.DUMMYFUNCTION("IF(E90="""","""",ROUND(XLOOKUP(E90, FLATTEN(B$1:E89), FLATTEN(O$1:R89), 500, 0, -1)))"),"") | K90: =IF(B90="","",ROUND((G90+H90)/2 - ((MAX(G90,H90)-MIN(G90,H90))^2)/1200,0)) | L90: =IF(D90="","",ROUND((I90+J90)/2 - ((MAX(I90,J90)-MIN(I90,J90))^2)/1200,0)) | M90: =IF(F90="","",ROUND(1 / (1 + 10^((L90-K90)/400)), 2)) | N90: =IF(F90="","",ROUND(40 * (IF(F90=1, 1, 0) - M90),0)) | O90: =IF(F90="","",ROUND(G90 + N90 + IF(F90=1, 3, 0),0)) | P90: =IF(F90="","",ROUND(H90 + N90 + IF(F90=1, 3, 0),0)) | Q90: =IF(F90="","",ROUND(I90 - N90 + IF(F90=2, 3, 0),0)) | R90: =IF(F90="","",ROUND(J90 - N90 + IF(F90=2, 3, 0),0))
A91: =IF(B91="","", ROW()-1) | G91: =IFERROR(__xludf.DUMMYFUNCTION("IF(B91="""","""",ROUND(XLOOKUP(B91, FLATTEN(B$1:E90), FLATTEN(O$1:R90), 500, 0, -1)))"),"") | H91: =IFERROR(__xludf.DUMMYFUNCTION("IF(C91="""","""",ROUND(XLOOKUP(C91, FLATTEN(B$1:E90), FLATTEN(O$1:R90), 500, 0, -1)))"),"") | I91: =IFERROR(__xludf.DUMMYFUNCTION("IF(D91="""","""",ROUND(XLOOKUP(D91, FLATTEN(B$1:E90), FLATTEN(O$1:R90), 500, 0, -1)))"),"") | J91: =IFERROR(__xludf.DUMMYFUNCTION("IF(E91="""","""",ROUND(XLOOKUP(E91, FLATTEN(B$1:E90), FLATTEN(O$1:R90), 500, 0, -1)))"),"") | K91: =IF(B91="","",ROUND((G91+H91)/2 - ((MAX(G91,H91)-MIN(G91,H91))^2)/1200,0)) | L91: =IF(D91="","",ROUND((I91+J91)/2 - ((MAX(I91,J91)-MIN(I91,J91))^2)/1200,0)) | M91: =IF(F91="","",ROUND(1 / (1 + 10^((L91-K91)/400)), 2)) | N91: =IF(F91="","",ROUND(40 * (IF(F91=1, 1, 0) - M91),0)) | O91: =IF(F91="","",ROUND(G91 + N91 + IF(F91=1, 3, 0),0)) | P91: =IF(F91="","",ROUND(H91 + N91 + IF(F91=1, 3, 0),0)) | Q91: =IF(F91="","",ROUND(I91 - N91 + IF(F91=2, 3, 0),0)) | R91: =IF(F91="","",ROUND(J91 - N91 + IF(F91=2, 3, 0),0))
A92: =IF(B92="","", ROW()-1) | G92: =IFERROR(__xludf.DUMMYFUNCTION("IF(B92="""","""",ROUND(XLOOKUP(B92, FLATTEN(B$1:E91), FLATTEN(O$1:R91), 500, 0, -1)))"),"") | H92: =IFERROR(__xludf.DUMMYFUNCTION("IF(C92="""","""",ROUND(XLOOKUP(C92, FLATTEN(B$1:E91), FLATTEN(O$1:R91), 500, 0, -1)))"),"") | I92: =IFERROR(__xludf.DUMMYFUNCTION("IF(D92="""","""",ROUND(XLOOKUP(D92, FLATTEN(B$1:E91), FLATTEN(O$1:R91), 500, 0, -1)))"),"") | J92: =IFERROR(__xludf.DUMMYFUNCTION("IF(E92="""","""",ROUND(XLOOKUP(E92, FLATTEN(B$1:E91), FLATTEN(O$1:R91), 500, 0, -1)))"),"") | K92: =IF(B92="","",ROUND((G92+H92)/2 - ((MAX(G92,H92)-MIN(G92,H92))^2)/1200,0)) | L92: =IF(D92="","",ROUND((I92+J92)/2 - ((MAX(I92,J92)-MIN(I92,J92))^2)/1200,0)) | M92: =IF(F92="","",ROUND(1 / (1 + 10^((L92-K92)/400)), 2)) | N92: =IF(F92="","",ROUND(40 * (IF(F92=1, 1, 0) - M92),0)) | O92: =IF(F92="","",ROUND(G92 + N92 + IF(F92=1, 3, 0),0)) | P92: =IF(F92="","",ROUND(H92 + N92 + IF(F92=1, 3, 0),0)) | Q92: =IF(F92="","",ROUND(I92 - N92 + IF(F92=2, 3, 0),0)) | R92: =IF(F92="","",ROUND(J92 - N92 + IF(F92=2, 3, 0),0))
A93: =IF(B93="","", ROW()-1) | G93: =IFERROR(__xludf.DUMMYFUNCTION("IF(B93="""","""",ROUND(XLOOKUP(B93, FLATTEN(B$1:E92), FLATTEN(O$1:R92), 500, 0, -1)))"),"") | H93: =IFERROR(__xludf.DUMMYFUNCTION("IF(C93="""","""",ROUND(XLOOKUP(C93, FLATTEN(B$1:E92), FLATTEN(O$1:R92), 500, 0, -1)))"),"") | I93: =IFERROR(__xludf.DUMMYFUNCTION("IF(D93="""","""",ROUND(XLOOKUP(D93, FLATTEN(B$1:E92), FLATTEN(O$1:R92), 500, 0, -1)))"),"") | J93: =IFERROR(__xludf.DUMMYFUNCTION("IF(E93="""","""",ROUND(XLOOKUP(E93, FLATTEN(B$1:E92), FLATTEN(O$1:R92), 500, 0, -1)))"),"") | K93: =IF(B93="","",ROUND((G93+H93)/2 - ((MAX(G93,H93)-MIN(G93,H93))^2)/1200,0)) | L93: =IF(D93="","",ROUND((I93+J93)/2 - ((MAX(I93,J93)-MIN(I93,J93))^2)/1200,0)) | M93: =IF(F93="","",ROUND(1 / (1 + 10^((L93-K93)/400)), 2)) | N93: =IF(F93="","",ROUND(40 * (IF(F93=1, 1, 0) - M93),0)) | O93: =IF(F93="","",ROUND(G93 + N93 + IF(F93=1, 3, 0),0)) | P93: =IF(F93="","",ROUND(H93 + N93 + IF(F93=1, 3, 0),0)) | Q93: =IF(F93="","",ROUND(I93 - N93 + IF(F93=2, 3, 0),0)) | R93: =IF(F93="","",ROUND(J93 - N93 + IF(F93=2, 3, 0),0))
A94: =IF(B94="","", ROW()-1) | G94: =IFERROR(__xludf.DUMMYFUNCTION("IF(B94="""","""",ROUND(XLOOKUP(B94, FLATTEN(B$1:E93), FLATTEN(O$1:R93), 500, 0, -1)))"),"") | H94: =IFERROR(__xludf.DUMMYFUNCTION("IF(C94="""","""",ROUND(XLOOKUP(C94, FLATTEN(B$1:E93), FLATTEN(O$1:R93), 500, 0, -1)))"),"") | I94: =IFERROR(__xludf.DUMMYFUNCTION("IF(D94="""","""",ROUND(XLOOKUP(D94, FLATTEN(B$1:E93), FLATTEN(O$1:R93), 500, 0, -1)))"),"") | J94: =IFERROR(__xludf.DUMMYFUNCTION("IF(E94="""","""",ROUND(XLOOKUP(E94, FLATTEN(B$1:E93), FLATTEN(O$1:R93), 500, 0, -1)))"),"") | K94: =IF(B94="","",ROUND((G94+H94)/2 - ((MAX(G94,H94)-MIN(G94,H94))^2)/1200,0)) | L94: =IF(D94="","",ROUND((I94+J94)/2 - ((MAX(I94,J94)-MIN(I94,J94))^2)/1200,0)) | M94: =IF(F94="","",ROUND(1 / (1 + 10^((L94-K94)/400)), 2)) | N94: =IF(F94="","",ROUND(40 * (IF(F94=1, 1, 0) - M94),0)) | O94: =IF(F94="","",ROUND(G94 + N94 + IF(F94=1, 3, 0),0)) | P94: =IF(F94="","",ROUND(H94 + N94 + IF(F94=1, 3, 0),0)) | Q94: =IF(F94="","",ROUND(I94 - N94 + IF(F94=2, 3, 0),0)) | R94: =IF(F94="","",ROUND(J94 - N94 + IF(F94=2, 3, 0),0))
A95: =IF(B95="","", ROW()-1) | G95: =IFERROR(__xludf.DUMMYFUNCTION("IF(B95="""","""",ROUND(XLOOKUP(B95, FLATTEN(B$1:E94), FLATTEN(O$1:R94), 500, 0, -1)))"),"") | H95: =IFERROR(__xludf.DUMMYFUNCTION("IF(C95="""","""",ROUND(XLOOKUP(C95, FLATTEN(B$1:E94), FLATTEN(O$1:R94), 500, 0, -1)))"),"") | I95: =IFERROR(__xludf.DUMMYFUNCTION("IF(D95="""","""",ROUND(XLOOKUP(D95, FLATTEN(B$1:E94), FLATTEN(O$1:R94), 500, 0, -1)))"),"") | J95: =IFERROR(__xludf.DUMMYFUNCTION("IF(E95="""","""",ROUND(XLOOKUP(E95, FLATTEN(B$1:E94), FLATTEN(O$1:R94), 500, 0, -1)))"),"") | K95: =IF(B95="","",ROUND((G95+H95)/2 - ((MAX(G95,H95)-MIN(G95,H95))^2)/1200,0)) | L95: =IF(D95="","",ROUND((I95+J95)/2 - ((MAX(I95,J95)-MIN(I95,J95))^2)/1200,0)) | M95: =IF(F95="","",ROUND(1 / (1 + 10^((L95-K95)/400)), 2)) | N95: =IF(F95="","",ROUND(40 * (IF(F95=1, 1, 0) - M95),0)) | O95: =IF(F95="","",ROUND(G95 + N95 + IF(F95=1, 3, 0),0)) | P95: =IF(F95="","",ROUND(H95 + N95 + IF(F95=1, 3, 0),0)) | Q95: =IF(F95="","",ROUND(I95 - N95 + IF(F95=2, 3, 0),0)) | R95: =IF(F95="","",ROUND(J95 - N95 + IF(F95=2, 3, 0),0))
A96: =IF(B96="","", ROW()-1) | G96: =IFERROR(__xludf.DUMMYFUNCTION("IF(B96="""","""",ROUND(XLOOKUP(B96, FLATTEN(B$1:E95), FLATTEN(O$1:R95), 500, 0, -1)))"),"") | H96: =IFERROR(__xludf.DUMMYFUNCTION("IF(C96="""","""",ROUND(XLOOKUP(C96, FLATTEN(B$1:E95), FLATTEN(O$1:R95), 500, 0, -1)))"),"") | I96: =IFERROR(__xludf.DUMMYFUNCTION("IF(D96="""","""",ROUND(XLOOKUP(D96, FLATTEN(B$1:E95), FLATTEN(O$1:R95), 500, 0, -1)))"),"") | J96: =IFERROR(__xludf.DUMMYFUNCTION("IF(E96="""","""",ROUND(XLOOKUP(E96, FLATTEN(B$1:E95), FLATTEN(O$1:R95), 500, 0, -1)))"),"") | K96: =IF(B96="","",ROUND((G96+H96)/2 - ((MAX(G96,H96)-MIN(G96,H96))^2)/1200,0)) | L96: =IF(D96="","",ROUND((I96+J96)/2 - ((MAX(I96,J96)-MIN(I96,J96))^2)/1200,0)) | M96: =IF(F96="","",ROUND(1 / (1 + 10^((L96-K96)/400)), 2)) | N96: =IF(F96="","",ROUND(40 * (IF(F96=1, 1, 0) - M96),0)) | O96: =IF(F96="","",ROUND(G96 + N96 + IF(F96=1, 3, 0),0)) | P96: =IF(F96="","",ROUND(H96 + N96 + IF(F96=1, 3, 0),0)) | Q96: =IF(F96="","",ROUND(I96 - N96 + IF(F96=2, 3, 0),0)) | R96: =IF(F96="","",ROUND(J96 - N96 + IF(F96=2, 3, 0),0))
A97: =IF(B97="","", ROW()-1) | G97: =IFERROR(__xludf.DUMMYFUNCTION("IF(B97="""","""",ROUND(XLOOKUP(B97, FLATTEN(B$1:E96), FLATTEN(O$1:R96), 500, 0, -1)))"),"") | H97: =IFERROR(__xludf.DUMMYFUNCTION("IF(C97="""","""",ROUND(XLOOKUP(C97, FLATTEN(B$1:E96), FLATTEN(O$1:R96), 500, 0, -1)))"),"") | I97: =IFERROR(__xludf.DUMMYFUNCTION("IF(D97="""","""",ROUND(XLOOKUP(D97, FLATTEN(B$1:E96), FLATTEN(O$1:R96), 500, 0, -1)))"),"") | J97: =IFERROR(__xludf.DUMMYFUNCTION("IF(E97="""","""",ROUND(XLOOKUP(E97, FLATTEN(B$1:E96), FLATTEN(O$1:R96), 500, 0, -1)))"),"") | K97: =IF(B97="","",ROUND((G97+H97)/2 - ((MAX(G97,H97)-MIN(G97,H97))^2)/1200,0)) | L97: =IF(D97="","",ROUND((I97+J97)/2 - ((MAX(I97,J97)-MIN(I97,J97))^2)/1200,0)) | M97: =IF(F97="","",ROUND(1 / (1 + 10^((L97-K97)/400)), 2)) | N97: =IF(F97="","",ROUND(40 * (IF(F97=1, 1, 0) - M97),0)) | O97: =IF(F97="","",ROUND(G97 + N97 + IF(F97=1, 3, 0),0)) | P97: =IF(F97="","",ROUND(H97 + N97 + IF(F97=1, 3, 0),0)) | Q97: =IF(F97="","",ROUND(I97 - N97 + IF(F97=2, 3, 0),0)) | R97: =IF(F97="","",ROUND(J97 - N97 + IF(F97=2, 3, 0),0))
A98: =IF(B98="","", ROW()-1) | G98: =IFERROR(__xludf.DUMMYFUNCTION("IF(B98="""","""",ROUND(XLOOKUP(B98, FLATTEN(B$1:E97), FLATTEN(O$1:R97), 500, 0, -1)))"),"") | H98: =IFERROR(__xludf.DUMMYFUNCTION("IF(C98="""","""",ROUND(XLOOKUP(C98, FLATTEN(B$1:E97), FLATTEN(O$1:R97), 500, 0, -1)))"),"") | I98: =IFERROR(__xludf.DUMMYFUNCTION("IF(D98="""","""",ROUND(XLOOKUP(D98, FLATTEN(B$1:E97), FLATTEN(O$1:R97), 500, 0, -1)))"),"") | J98: =IFERROR(__xludf.DUMMYFUNCTION("IF(E98="""","""",ROUND(XLOOKUP(E98, FLATTEN(B$1:E97), FLATTEN(O$1:R97), 500, 0, -1)))"),"") | K98: =IF(B98="","",ROUND((G98+H98)/2 - ((MAX(G98,H98)-MIN(G98,H98))^2)/1200,0)) | L98: =IF(D98="","",ROUND((I98+J98)/2 - ((MAX(I98,J98)-MIN(I98,J98))^2)/1200,0)) | M98: =IF(F98="","",ROUND(1 / (1 + 10^((L98-K98)/400)), 2)) | N98: =IF(F98="","",ROUND(40 * (IF(F98=1, 1, 0) - M98),0)) | O98: =IF(F98="","",ROUND(G98 + N98 + IF(F98=1, 3, 0),0)) | P98: =IF(F98="","",ROUND(H98 + N98 + IF(F98=1, 3, 0),0)) | Q98: =IF(F98="","",ROUND(I98 - N98 + IF(F98=2, 3, 0),0)) | R98: =IF(F98="","",ROUND(J98 - N98 + IF(F98=2, 3, 0),0))
A99: =IF(B99="","", ROW()-1) | G99: =IFERROR(__xludf.DUMMYFUNCTION("IF(B99="""","""",ROUND(XLOOKUP(B99, FLATTEN(B$1:E98), FLATTEN(O$1:R98), 500, 0, -1)))"),"") | H99: =IFERROR(__xludf.DUMMYFUNCTION("IF(C99="""","""",ROUND(XLOOKUP(C99, FLATTEN(B$1:E98), FLATTEN(O$1:R98), 500, 0, -1)))"),"") | I99: =IFERROR(__xludf.DUMMYFUNCTION("IF(D99="""","""",ROUND(XLOOKUP(D99, FLATTEN(B$1:E98), FLATTEN(O$1:R98), 500, 0, -1)))"),"") | J99: =IFERROR(__xludf.DUMMYFUNCTION("IF(E99="""","""",ROUND(XLOOKUP(E99, FLATTEN(B$1:E98), FLATTEN(O$1:R98), 500, 0, -1)))"),"") | K99: =IF(B99="","",ROUND((G99+H99)/2 - ((MAX(G99,H99)-MIN(G99,H99))^2)/1200,0)) | L99: =IF(D99="","",ROUND((I99+J99)/2 - ((MAX(I99,J99)-MIN(I99,J99))^2)/1200,0)) | M99: =IF(F99="","",ROUND(1 / (1 + 10^((L99-K99)/400)), 2)) | N99: =IF(F99="","",ROUND(40 * (IF(F99=1, 1, 0) - M99),0)) | O99: =IF(F99="","",ROUND(G99 + N99 + IF(F99=1, 3, 0),0)) | P99: =IF(F99="","",ROUND(H99 + N99 + IF(F99=1, 3, 0),0)) | Q99: =IF(F99="","",ROUND(I99 - N99 + IF(F99=2, 3, 0),0)) | R99: =IF(F99="","",ROUND(J99 - N99 + IF(F99=2, 3, 0),0))
A100: =IF(B100="","", ROW()-1) | G100: =IFERROR(__xludf.DUMMYFUNCTION("IF(B100="""","""",ROUND(XLOOKUP(B100, FLATTEN(B$1:E99), FLATTEN(O$1:R99), 500, 0, -1)))"),"") | H100: =IFERROR(__xludf.DUMMYFUNCTION("IF(C100="""","""",ROUND(XLOOKUP(C100, FLATTEN(B$1:E99), FLATTEN(O$1:R99), 500, 0, -1)))"),"") | I100: =IFERROR(__xludf.DUMMYFUNCTION("IF(D100="""","""",ROUND(XLOOKUP(D100, FLATTEN(B$1:E99), FLATTEN(O$1:R99), 500, 0, -1)))"),"") | J100: =IFERROR(__xludf.DUMMYFUNCTION("IF(E100="""","""",ROUND(XLOOKUP(E100, FLATTEN(B$1:E99), FLATTEN(O$1:R99), 500, 0, -1)))"),"") | K100: =IF(B100="","",ROUND((G100+H100)/2 - ((MAX(G100,H100)-MIN(G100,H100))^2)/1200,0)) | L100: =IF(D100="","",ROUND((I100+J100)/2 - ((MAX(I100,J100)-MIN(I100,J100))^2)/1200,0)) | M100: =IF(F100="","",ROUND(1 / (1 + 10^((L100-K100)/400)), 2)) | N100: =IF(F100="","",ROUND(40 * (IF(F100=1, 1, 0) - M100),0)) | O100: =IF(F100="","",ROUND(G100 + N100 + IF(F100=1, 3, 0),0)) | P100: =IF(F100="","",ROUND(H100 + N100 + IF(F100=1, 3, 0),0)) | Q100: =IF(F100="","",ROUND(I100 - N100 + IF(F100=2, 3, 0),0)) | R100: =IF(F100="","",ROUND(J100 - N100 + IF(F100=2, 3, 0),0))
...

Sheet Classifica
A1: Posizione | B1: Giocatore | C1: Elo Attuale | D1: Partite Giocate | E1: Vinte | F1: Perse
A2: 1 | B2: Francia | C2: =IFERROR(__xludf.DUMMYFUNCTION("XLOOKUP(B2, FLATTEN(Partite!B$2:E1000), FLATTEN(Partite!O$2:R1000), 500, 0, -1)"),616.0) -> 616 | D2: =COUNTIF(Partite!B$2:E1000, B2) -> 30 | E2: =SUMPRODUCT(((Partite!B$2:B1000=B2)+(Partite!C$2:C1000=B2))*(Partite!F$2:F1000=1) + ((Partite!D$2:D1000=B2)+(Partite!E$2:E1000=B2))*(Partite!F$2:F1000=2)) -> 19 | F2: =D2 - E2 -> 11
A3: 2 | B3: Matos | C3: =IFERROR(__xludf.DUMMYFUNCTION("XLOOKUP(B3, FLATTEN(Partite!B$2:E1000), FLATTEN(Partite!O$2:R1000), 500, 0, -1)"),608.0) -> 608 | D3: =COUNTIF(Partite!B$2:E1000, B3) -> 45 | E3: =SUMPRODUCT(((Partite!B$2:B1000=B3)+(Partite!C$2:C1000=B3))*(Partite!F$2:F1000=1) + ((Partite!D$2:D1000=B3)+(Partite!E$2:E1000=B3))*(Partite!F$2:F1000=2)) -> 25 | F3: =D3 - E3 -> 20
A4: 3 | B4: Vesco | C4: =IFERROR(__xludf.DUMMYFUNCTION("XLOOKUP(B4, FLATTEN(Partite!B$2:E1000), FLATTEN(Partite!O$2:R1000), 500, 0, -1)"),591.0) -> 591 | D4: =COUNTIF(Partite!B$2:E1000, B4) -> 21 | E4: =SUMPRODUCT(((Partite!B$2:B1000=B4)+(Partite!C$2:C1000=B4))*(Partite!F$2:F1000=1) + ((Partite!D$2:D1000=B4)+(Partite!E$2:E1000=B4))*(Partite!F$2:F1000=2)) -> 12 | F4: =D4 - E4 -> 9
A5: 4 | B5: Paolo | C5: =IFERROR(__xludf.DUMMYFUNCTION("XLOOKUP(B5, FLATTEN(Partite!B$2:E1000), FLATTEN(Partite!O$2:R1000), 500, 0, -1)"),582.0) -> 582 | D5: =COUNTIF(Partite!B$2:E1000, B5) -> 45 | E5: =SUMPRODUCT(((Partite!B$2:B1000=B5)+(Partite!C$2:C1000=B5))*(Partite!F$2:F1000=1) + ((Partite!D$2:D1000=B5)+(Partite!E$2:E1000=B5))*(Partite!F$2:F1000=2)) -> 22 | F5: =D5 - E5 -> 23
A6: 5 | B6: Birra | C6: =IFERROR(__xludf.DUMMYFUNCTION("XLOOKUP(B6, FLATTEN(Partite!B$2:E1000), FLATTEN(Partite!O$2:R1000), 500, 0, -1)"),563.0) -> 563 | D6: =COUNTIF(Partite!B$2:E1000, B6) -> 7 | E6: =SUMPRODUCT(((Partite!B$2:B1000=B6)+(Partite!C$2:C1000=B6))*(Partite!F$2:F1000=1) + ((Partite!D$2:D1000=B6)+(Partite!E$2:E1000=B6))*(Partite!F$2:F1000=2)) -> 4 | F6: =D6 - E6 -> 3
A7: 6 | B7: Gae | C7: =IFERROR(__xludf.DUMMYFUNCTION("XLOOKUP(B7, FLATTEN(Partite!B$2:E1000), FLATTEN(Partite!O$2:R1000), 500, 0, -1)"),534.0) -> 534 | D7: =COUNTIF(Partite!B$2:E1000, B7) -> 50 | E7: =SUMPRODUCT(((Partite!B$2:B1000=B7)+(Partite!C$2:C1000=B7))*(Partite!F$2:F1000=1) + ((Partite!D$2:D1000=B7)+(Partite!E$2:E1000=B7))*(Partite!F$2:F1000=2)) -> 24 | F7: =D7 - E7 -> 26
A8: 7 | B8: Filli | C8: =IFERROR(__xludf.DUMMYFUNCTION("XLOOKUP(B8, FLATTEN(Partite!B$2:E1000), FLATTEN(Partite!O$2:R1000), 500, 0, -1)"),528.0) -> 528 | D8: =COUNTIF(Partite!B$2:E1000, B8) -> 29 | E8: =SUMPRODUCT(((Partite!B$2:B1000=B8)+(Partite!C$2:C1000=B8))*(Partite!F$2:F1000=1) + ((Partite!D$2:D1000=B8)+(Partite!E$2:E1000=B8))*(Partite!F$2:F1000=2)) -> 16 | F8: =D8 - E8 -> 13
A9: 8 | B9: Col | C9: =IFERROR(__xludf.DUMMYFUNCTION("XLOOKUP(B9, FLATTEN(Partite!B$2:E1000), FLATTEN(Partite!O$2:R1000), 500, 0, -1)"),525.0) -> 525 | D9: =COUNTIF(Partite!B$2:E1000, B9) -> 7 | E9: =SUMPRODUCT(((Partite!B$2:B1000=B9)+(Partite!C$2:C1000=B9))*(Partite!F$2:F1000=1) + ((Partite!D$2:D1000=B9)+(Partite!E$2:E1000=B9))*(Partite!F$2:F1000=2)) -> 4 | F9: =D9 - E9 -> 3
A10: 9 | B10: Picci | C10: =IFERROR(__xludf.DUMMYFUNCTION("XLOOKUP(B10, FLATTEN(Partite!B$2:E1000), FLATTEN(Partite!O$2:R1000), 500, 0, -1)"),504.0) -> 504 | D10: =COUNTIF(Partite!B$2:E1000, B10) -> 6 | E10: =SUMPRODUCT(((Partite!B$2:B1000=B10)+(Partite!C$2:C1000=B10))*(Partite!F$2:F1000=1) + ((Partite!D$2:D1000=B10)+(Partite!E$2:E1000=B10))*(Partite!F$2:F1000=2)) -> 3 | F10: =D10 - E10 -> 3
A11: 10 | B11: Riki | C11: =IFERROR(__xludf.DUMMYFUNCTION("XLOOKUP(B11, FLATTEN(Partite!B$2:E1000), FLATTEN(Partite!O$2:R1000), 500, 0, -1)"),484.0) -> 484 | D11: =COUNTIF(Partite!B$2:E1000, B11) -> 24 | E11: =SUMPRODUCT(((Partite!B$2:B1000=B11)+(Partite!C$2:C1000=B11))*(Partite!F$2:F1000=1) + ((Partite!D$2:D1000=B11)+(Partite!E$2:E1000=B11))*(Partite!F$2:F1000=2)) -> 11 | F11: =D11 - E11 -> 13
A12: 11 | B12: Vezzo | C12: =IFERROR(__xludf.DUMMYFUNCTION("XLOOKUP(B12, FLATTEN(Partite!B$2:E1000), FLATTEN(Partite!O$2:R1000), 500, 0, -1)"),482.0) -> 482 | D12: =COUNTIF(Partite!B$2:E1000, B12) -> 8 | E12: =SUMPRODUCT(((Partite!B$2:B1000=B12)+(Partite!C$2:C1000=B12))*(Partite!F$2:F1000=1) + ((Partite!D$2:D1000=B12)+(Partite!E$2:E1000=B12))*(Partite!F$2:F1000=2)) -> 3 | F12: =D12 - E12 -> 5
A13: 12 | B13: Feli | C13: =IFERROR(__xludf.DUMMYFUNCTION("XLOOKUP(B13, FLATTEN(Partite!B$2:E1000), FLATTEN(Partite!O$2:R1000), 500, 0, -1)"),459.0) -> 459 | D13: =COUNTIF(Partite!B$2:E1000, B13) -> 5 | E13: =SUMPRODUCT(((Partite!B$2:B1000=B13)+(Partite!C$2:C1000=B13))*(Partite!F$2:F1000=1) + ((Partite!D$2:D1000=B13)+(Partite!E$2:E1000=B13))*(Partite!F$2:F1000=2)) -> 1 | F13: =D13 - E13 -> 4
A14: 13 | B14: Bonny | C14: =IFERROR(__xludf.DUMMYFUNCTION("XLOOKUP(B14, FLATTEN(Partite!B$2:E1000), FLATTEN(Partite!O$2:R1000), 500, 0, -1)"),455.0) -> 455 | D14: =COUNTIF(Partite!B$2:E1000, B14) -> 39 | E14: =SUMPRODUCT(((Partite!B$2:B1000=B14)+(Partite!C$2:C1000=B14))*(Partite!F$2:F1000=1) + ((Partite!D$2:D1000=B14)+(Partite!E$2:E1000=B14))*(Partite!F$2:F1000=2)) -> 14 | F14: =D14 - E14 -> 25
